timestamp,device_id,temperature,humidity,gas,presence,expected_scenario,temperature_mean_60s,temperature_std_60s,temperature_slope_60s,humidity_mean_60s,humidity_std_60s,humidity_slope_60s,gas_mean_60s,gas_std_60s,gas_slope_60s,corr_temperature_gas_60s
2026-10-05 10:01:00+00:00,esp8266-01,23.96,54.61,119.23,False,normal,24.02769230769231,0.11088135351001503,-0.0004725274725274722,54.81923076923077,0.33359260133977725,-0.006417582417582414,119.43769230769232,1.8748175453633789,0.0014395604395604107,0.248672796153544
2026-10-05 10:01:05+00:00,esp8266-01,24.1,55.53,119.06,False,normal,24.036923076923074,0.11151989235348339,-0.00036263736263734904,54.86615384615384,0.38361716616636843,-0.0009560439560439377,119.38384615384615,1.874839638112831,0.0014285714285714411,0.24523102762665916
2026-10-05 10:01:10+00:00,esp8266-01,24.13,55.56,121.42,False,normal,24.04,0.11347653095210074,0.0006593406593406648,54.94230769230769,0.4143048644537724,0.0013406593406593706,119.81153846153848,1.6418978050922854,-0.012252747252747243,0.4235959854379145
2026-10-05 10:01:15+00:00,esp8266-01,24.14,54.55,118.17,False,normal,24.052307692307693,0.11496848037305739,0.0008571428571428701,54.90461538461538,0.42583159156960015,-0.0004945054945054976,119.6276923076923,1.6811358515834736,-0.017318681318681292,0.37258846873565304
2026-10-05 10:01:20+00:00,esp8266-01,24.16,54.26,120.43,False,normal,24.053076923076922,0.11565097461324861,0.002318681318681322,54.833076923076916,0.44934798260085523,-0.0025494505494505887,119.42307692307692,1.382658446145767,0.014604395604395689,0.3301833072410443
2026-10-05 10:01:25+00:00,esp8266-01,24.08,54.87,121.88,False,normal,24.056153846153848,0.11579414503190072,0.0023956043956043795,54.77923076923077,0.396668075511733,0.0033626373626373025,119.55384615384615,1.5214847933289892,0.03662637362637372,0.33060439632487065
2026-10-05 10:01:30+00:00,esp8266-01,24.12,54.63,119.16,False,normal,24.065384615384612,0.11573280796834154,0.002384615384615375,54.76307692307692,0.3981376765234114,0.0028461538461538264,119.62692307692306,1.4773593105755862,0.02369230769230771,0.29145081995623245
2026-10-05 10:01:35+00:00,esp8266-01,23.95,54.55,120.86,False,normal,24.052307692307693,0.11839658558966185,0.0020439560439560354,54.73923076923077,0.4008924954391319,0.0021868131868131423,119.61923076923078,1.4706433000480865,0.04207692307692304,0.19059587311116438
2026-10-05 10:01:40+00:00,esp8266-01,23.97,54.76,116.39,False,normal,24.046153846153842,0.1204184027297175,0.0014835164835164734,54.77384615384616,0.38128403427484864,-0.0009780219780220177,119.51615384615386,1.6369979017022338,0.006252747252747235,0.26715138944620237
2026-10-05 10:01:45+00:00,esp8266-01,23.93,55.18,127.95,False,normal,24.063076923076924,0.08099236577363243,-0.0018681318681318712,54.81230769230769,0.39485447847479216,0.0009780219780219396,120.26923076923077,2.728128300441277,0.05142857142857139,-0.31908989124037185
2026-10-05 10:01:50+00:00,esp8266-01,24.09,54.95,122.87,False,normal,24.06,0.07912988349251394,-0.001175824175824184,54.863076923076925,0.36579491133661624,-0.002131868131868153,120.70307692307694,2.657863180525004,0.04519780219780221,-0.22888591030102046
2026-10-05 10:01:55+00:00,esp8266-01,24.17,54.73,120.88,False,normal,24.071538461538463,0.08328321964571667,-0.0007582417582417557,54.856923076923074,0.3673058799794195,-0.0034175824175824406,120.73461538461538,2.657342846889937,0.04457142857142853,-0.21563435577703413
2026-10-05 10:02:00+00:00,esp8266-01,24.21,54.85,124.82,True,normal,24.07769230769231,0.09005586694712456,0.0006043956043956052,54.84846153846154,0.36609889697575515,-0.00267032967032967,121.00923076923075,2.8721941801145623,0.07547252747252736,-0.03176844237129978
2026-10-05 10:02:05+00:00,esp8266-01,24.03,54.74,117.28,False,normal,24.083076923076923,0.08479700787397709,-0.0006153846153846023,54.85846153846155,0.36119132270534005,-0.005219780219780204,120.85923076923078,3.0088650084464073,0.037197802197802124,-0.0385513391295414
2026-10-05 10:02:10+00:00,esp8266-01,24.05,55.5,122.37,False,normal,24.079230769230772,0.08507567115507117,-0.0007032967032966766,54.85615384615385,0.3569645201403823,0.004175824175824204,121.11384615384615,2.985798536306196,0.0333186813186813,-0.04077878997290507
2026-10-05 10:02:15+00:00,esp8266-01,24.16,55.73,119.31,False,normal,24.08153846153846,0.0868106829517937,0.0002197802197802385,54.86923076923077,0.38455691863316904,0.015351648351648381,120.95153846153845,3.0218762540306803,0.023780219780219772,-0.08533863775315975
2026-10-05 10:02:20+00:00,esp8266-01,24.0,54.85,124.41,False,normal,24.070769230769226,0.08757076597389657,0.00013186813186815248,54.892307692307696,0.3735516408776224,0.012769230769230798,121.43153846153847,3.0374757894668987,0.02518681318681317,-0.09925477770619782
2026-10-05 10:02:25+00:00,esp8266-01,23.95,54.45,118.32,False,normal,24.05461538461539,0.08897842302105614,2.1978021978037126e-05,54.906923076923086,0.35159821071095376,0.004989010989011027,121.26923076923077,3.1412576157144385,-0.0030329670329670385,0.02417637260379795
2026-10-05 10:02:30+00:00,esp8266-01,24.09,54.28,121.14,True,normal,24.055384615384614,0.08923740028411785,0.0004505494505494507,54.861538461538466,0.38947392830381006,0.0005714285714285983,121.21230769230769,3.13637506059304,0.0008131868131867951,0.018782220885734138
2026-10-05 10:02:35+00:00,esp8266-01,23.94,54.79,121.07,False,normal,24.04153846153846,0.09205735284602734,0.0001868131868132004,54.87384615384615,0.384458429513084,-0.0016813186813186434,121.35923076923078,3.081042434827381,-0.01591208791208799,0.06612437670219269
2026-10-05 10:02:40+00:00,esp8266-01,24.25,54.24,120.43,False,normal,24.064615384615383,0.10315152294751218,0.0008571428571428623,54.849999999999994,0.4124038349444903,-0.008351648351648321,121.32615384615384,3.088523516956417,-0.025879120879120907,0.003460187183947137
2026-10-05 10:02:45+00:00,esp8266-01,24.13,55.0,120.41,False,normal,24.076923076923077,0.10064290378780322,0.0005604395604395466,54.86846153846154,0.4133325380153935,-0.008054945054945046,121.63538461538461,2.7629043118946988,-0.06989010989010994,-0.15549246317689908
2026-10-05 10:02:50+00:00,esp8266-01,24.28,55.14,120.85,False,normal,24.103846153846156,0.1044795498236955,0.0007692307692307568,54.86538461538461,0.4111450312072238,-0.0038681318681318636,121.08923076923078,2.07738912150086,-0.026494505494505542,0.14082122173832318
2026-10-05 10:02:55+00:00,esp8266-01,24.03,54.47,120.23,False,normal,24.099230769230772,0.10629867489308008,0.00017582417582416427,54.82846153846154,0.42326289618857615,-0.0058241758241758135,120.88615384615385,2.021673101709932,-0.01846153846153843,0.1694022113781124
2026-10-05 10:03:00+00:00,esp8266-01,24.02,54.95,117.33,False,normal,24.087692307692308,0.10613154726774081,0.00019780219780218968,54.84538461538462,0.4233859011608378,-0.005780219780219778,120.61307692307693,2.2327953663354254,-0.04195604395604395,0.23193206098683547
2026-10-05 10:03:05+00:00,esp8266-01,24.05,54.24,127.45,False,normal,24.075384615384614,0.10035440158339094,0.0008901098901098887,54.79846153846154,0.45303839460055817,-0.00973626373626372,120.81538461538463,2.679309943837755,0.035483516483516477,-0.007259993458877341
2026-10-05 10:03:10+00:00,esp8266-01,23.97,55.0,121.96,False,normal,24.070769230769233,0.10366080324876052,-0.00015384615384615838,54.81846153846155,0.4557469971857063,-0.008857142857142836,121.17538461538463,2.4876544880812794,0.0158351648351648,-0.08497166043727963
2026-10-05 10:03:15+00:00,esp8266-01,24.16,54.51,120.0,False,normal,24.07923076923077,0.106081357635876,0.0002747252747252747,54.7423076923077,0.41652691936562614,-0.005648351648351649,120.99307692307693,2.48025862365936,0.01727472527472529,-0.10082658514556712
2026-10-05 10:03:20+00:00,esp8266-01,24.26,55.06,121.49,False,normal,24.08692307692308,0.11491700117808618,0.002087912087912098,54.690769230769234,0.32180886679140974,0.004043956043956028,121.16076923076925,2.434061062183485,0.007604395604395622,-0.03736474399891942
2026-10-05 10:03:25+00:00,esp8266-01,24.37,55.08,121.58,False,normal,24.115384615384617,0.1340846681200107,0.0032857142857143,54.70846153846154,0.3360825483269679,0.007835164835164807,120.94307692307692,2.2535899040467062,0.03536263736263737,0.08802546029465386
2026-10-05 10:03:30+00:00,esp8266-01,24.13,55.01,123.53,False,normal,24.12923076923077,0.12529727963537424,0.002109890109890108,54.75153846153846,0.33608254832696394,0.007835164835164807,121.34384615384616,2.2143988191329576,0.03224175824175823,-0.03392376868740051
2026-10-05 10:03:35+00:00,esp8266-01,24.05,54.95,117.02,False,normal,24.126153846153844,0.12670610825774717,0.0012857142857142837,54.80307692307693,0.3101955863244188,0.005516483516483512,121.02692307692307,2.4976092710842197,0.002164835164835145,0.048504045138576264
2026-10-05 10:03:40+00:00,esp8266-01,24.22,55.04,118.75,False,normal,24.14769230769231,0.11662918530070857,0.0004725274725274683,54.822307692307696,0.3164746641008601,0.006978021978021956,120.84846153846154,2.5699920567187684,-0.012516483516483564,0.01125447688236843
2026-10-05 10:03:45+00:00,esp8266-01,24.18,54.16,115.34,False,normal,24.142307692307693,0.11335131543154146,0.0014725274725274646,54.816153846153846,0.32829485952859644,-0.0018681318681319024,120.45692307692306,2.961785803857013,-0.05205494505494501,-0.02719914788640632
2026-10-05 10:03:50+00:00,esp8266-01,24.03,54.99,122.05,False,normal,24.134615384615383,0.11725156286414429,0.0006373626373626277,54.815384615384616,0.32787463327914,0.0006923076923076717,120.58307692307693,2.9918745978846424,-0.0419120879120879,-0.06262235979210999
2026-10-05 10:03:55+00:00,esp8266-01,24.06,54.3,121.73,False,normal,24.117692307692305,0.11074251814657796,0.0012637362637362504,54.75076923076923,0.3400783063323432,-0.00020879120879124533,120.65076923076923,3.0070646600667605,-0.03229670329670328,-0.09126014387541317
2026-10-05 10:04:00+00:00,esp8266-01,24.13,55.77,116.92,False,normal,24.125384615384615,0.1078186072577799,0.000670329670329658,54.85076923076924,0.4236737049712006,0.004351648351648329,120.39615384615384,3.167752269018169,-0.06013186813186806,-0.10189757592008138
2026-10-05 10:04:05+00:00,esp8266-01,24.21,56.37,123.65,False,normal,24.140000000000004,0.10539303728280157,0.0004175824175824087,54.96,0.5868167057555874,0.015131868131868112,120.88230769230769,3.1447664798864934,-0.06226373626373615,-0.13753650138722573
2026-10-05 10:04:10+00:00,esp8266-01,24.4,54.54,121.83,False,normal,24.166923076923077,0.12231011124846329,0.0014395604395604264,54.98307692307692,0.5634834597993521,0.006824175824175817,120.44999999999999,2.5404148661798573,-0.005494505494505388,0.09808534233797235
2026-10-05 10:04:15+00:00,esp8266-01,24.08,54.83,123.24,False,normal,24.175384615384612,0.11174251891087157,-0.0006483516483516794,54.96999999999999,0.5649097953860156,0.005945054945054934,120.54846153846152,2.620572004951596,0.02451648351648355,0.1156377733832636
2026-10-05 10:04:20+00:00,esp8266-01,23.88,55.63,120.72,False,normal,24.153846153846153,0.13680634609316478,-0.002714285714285748,55.05615384615385,0.5735253795140495,0.006758241758241757,120.60384615384615,2.615999701427689,0.02142857142857146,0.08524596808808153
2026-10-05 10:04:25+00:00,esp8266-01,24.35,53.72,123.68,False,normal,24.16076923076923,0.14408659460742382,-0.000604395604395613,54.95307692307692,0.6750086565300677,-0.00202197802197801,120.7723076923077,2.7354289604435142,0.04852747252747257,0.1738507575181885
2026-10-05 10:04:30+00:00,esp8266-01,23.96,54.47,122.17,False,normal,24.12923076923077,0.1396402817385621,-0.00031868131868130993,54.90615384615384,0.6856724768882936,-0.004230769230769232,120.8176923076923,2.7532893721626603,0.06395604395604398,0.09199013209935283
2026-10-05 10:04:35+00:00,esp8266-01,24.23,54.22,119.84,False,normal,24.136923076923075,0.14220162367269024,0.00035164835164835977,54.84538461538462,0.7084068299264145,-0.007956043956043974,120.53384615384616,2.6472003744494192,0.07837362637362641,0.07919492067514881
2026-10-05 10:04:40+00:00,esp8266-01,24.29,54.92,116.86,False,normal,24.15538461538462,0.14526450064599686,0.0006923076923077029,54.843076923076914,0.7081110801104226,-0.006659340659340638,120.52153846153846,2.6638284945770527,0.027120879120879127,-0.09488320051658215
2026-10-05 10:04:45+00:00,esp8266-01,24.14,54.88,120.96,False,normal,24.14923076923077,0.14408659460742293,0.0010879120879120979,54.83076923076923,0.7059686366803654,-0.004901098901098863,120.69153846153846,2.6154271489753977,0.016384615384615338,-0.07266439673842762
2026-10-05 10:04:50+00:00,esp8266-01,24.0,54.32,121.3,False,normal,24.135384615384616,0.14902841157182972,0.000340659340659351,54.84307692307693,0.6954841657809845,-0.013428571428571411,121.15,2.110865662744508,-0.02076923076923082,-0.048807607197268385
2026-10-05 10:04:55+00:00,esp8266-01,24.21,54.71,124.17,False,normal,24.14923076923077,0.14694119904347158,2.197802197804884e-05,54.821538461538466,0.694936036390802,-0.01317582417582414,121.31307692307692,2.2513154602976284,0.006065934065933999,0.021213779542014928
2026-10-05 10:05:00+00:00,esp8266-01,24.02,54.98,116.15,False,normal,24.146153846153847,0.14917921393352418,-0.0015164835164834997,54.87384615384615,0.6791231729396866,-0.016142857142857146,120.88384615384618,2.6308511008403443,-0.024769230769230776,0.15258308451959118
2026-10-05 10:05:05+00:00,esp8266-01,24.12,54.62,119.67,False,normal,24.145384615384614,0.14928627040872194,-0.001813186813186796,54.78538461538461,0.6297327318866872,-0.01092307692307692,121.09538461538462,2.4044433719665856,-0.06326373626373627,0.1603656557272768
2026-10-05 10:05:10+00:00,esp8266-01,24.11,54.35,119.79,False,normal,24.137692307692305,0.14833194822393048,-0.0015494505494505302,54.629999999999995,0.44027963142321724,-0.0016043956043956054,120.79846153846152,2.30700220450644,-0.05221978021978014,0.1348177202572282
2026-10-05 10:05:15+00:00,esp8266-01,24.34,53.11,123.34,False,normal,24.133076923076924,0.1408427718789074,0.0018021978021978105,54.519999999999996,0.5990376898377675,-0.012318681318681328,120.91461538461539,2.392445209997543,-0.02752747252747244,0.19411545762073518
2026-10-05 10:05:20+00:00,esp8266-01,24.24,54.81,120.82,False,normal,24.145384615384614,0.14264616712020184,0.0020989010989010833,54.51846153846154,0.5982647491363563,-0.008021978021978026,120.72846153846154,2.296491793195211,-0.010263736263736284,0.2332701463238941
2026-10-05 10:05:25+00:00,esp8266-01,24.44,54.98,119.87,False,normal,24.188461538461542,0.140539956204433,0.001999999999999985,54.46846153846153,0.5260863654433017,0.0035714285714285635,120.66307692307691,2.307874095403954,-0.015989010989011003,0.18376755022367433
2026-10-05 10:05:30+00:00,esp8266-01,24.26,54.06,116.38,False,normal,24.181538461538462,0.13449885065830575,0.0037142857142857173,54.494615384615386,0.49580727311226674,-0.004879120879120877,120.10153846153845,2.392060091070004,-0.021021978021978034,-0.016600377568916497
2026-10-05 10:05:35+00:00,esp8266-01,23.94,55.49,121.55,False,normal,24.180000000000003,0.13711309200803096,0.0004175824175824321,54.573076923076925,0.5619934931923537,0.0014945054945055018,120.05384615384615,2.356256935387569,0.004439560439560415,0.009047710037221525
2026-10-05 10:05:40+00:00,esp8266-01,24.02,53.75,122.1,False,normal,24.163846153846155,0.14253412339283167,-0.0002527472527472415,54.53692307692308,0.5975383427077554,-0.006648351648351653,120.22769230769231,2.416663796502389,0.016285714285714247,-0.05408391405203262
2026-10-05 10:05:45+00:00,esp8266-01,24.22,54.31,120.81,False,normal,24.158461538461538,0.13894360526410976,0.0010879120879120823,54.49,0.589510879393327,-0.005197802197802179,120.53153846153847,2.213958675709959,-0.005780219780219802,0.05917248241053746
2026-10-05 10:05:50+00:00,esp8266-01,24.16,54.35,120.26,False,normal,24.16,0.13884135938878195,0.0009560439560439533,54.44923076923077,0.5793691733715853,-0.0031208791208790776,120.47769230769231,2.211394109001233,-0.004274725274725307,0.06143163978699265
2026-10-05 10:05:55+00:00,esp8266-01,24.11,55.37,119.03,False,normal,24.16846153846154,0.13201667457888078,-0.000604395604395613,54.53,0.6269584699778261,0.0019560439560439807,120.30307692307693,2.2291198146194158,-0.00749450549450555,0.12242656667196886
2026-10-05 10:06:00+00:00,esp8266-01,24.09,54.81,125.21,False,normal,24.159230769230767,0.13298129067143571,-0.0008021978021978066,54.53769230769231,0.6297270940794628,0.005186813186813233,120.38307692307693,2.3800174033474186,0.05460439560439551,-0.01644664093030285
2026-10-05 10:06:05+00:00,esp8266-01,24.19,54.58,125.06,False,normal,24.17230769230769,0.12686478848055255,-0.00167032967032967,54.50692307692308,0.6170074755236655,0.008868131868131877,121.06846153846153,2.3449810435639993,0.05287912087912083,-0.16280887381907266
2026-10-05 10:06:10+00:00,esp8266-01,24.17,54.66,125.52,False,normal,24.17615384615385,0.12597548366729766,-0.0020879120879120708,54.51,0.6176630896433004,0.01074725274725271,121.51846153846154,2.582696402998067,0.07147252747252741,-0.17391031888145614
2026-10-05 10:06:15+00:00,esp8266-01,24.3,53.81,120.3,False,normal,24.19076923076923,0.128450022514699,-0.0017802197802197657,54.46846153846154,0.6445970256243859,0.004901098901098886,121.5576923076923,2.55991632629528,0.05014285714285712,-0.23587207098311533
2026-10-05 10:06:20+00:00,esp8266-01,24.22,54.81,119.81,False,normal,24.181538461538462,0.12151898578135072,-0.000439560439560438,54.599230769230765,0.5151916975331698,-0.0032967032967033045,121.28615384615385,2.5436271450930854,0.05232967032967036,-0.3379358211597983
2026-10-05 10:06:25+00:00,esp8266-01,24.43,55.24,117.89,False,normal,24.19615384615384,0.13798207584480318,0.0016483516483516327,54.63230769230769,0.540827767922672,0.0025494505494505653,121.06076923076922,2.6999528814648084,0.026351648351648358,-0.44014526847315344
2026-10-05 10:06:30+00:00,esp8266-01,24.19,54.83,122.38,False,normal,24.176923076923075,0.11873594591392064,0.0034835164835164815,54.620769230769234,0.5348538483111641,0.006527472527472502,121.25384615384617,2.6976415296486604,0.025890109890109918,-0.43255281972584814
2026-10-05 10:06:35+00:00,esp8266-01,23.95,54.43,120.66,False,normal,24.153076923076924,0.13022965604504652,0.002626373626373627,54.64923076923076,0.5136814567932739,0.0009560439560439377,121.58307692307692,2.317055109119806,-0.015516483516483538,-0.29556454155286577
2026-10-05 10:06:40+00:00,esp8266-01,24.41,53.69,123.25,True,normal,24.189230769230768,0.13129306844798866,0.0026813186813186905,54.51076923076923,0.5109788726396001,0.0010989010989010755,121.71384615384615,2.3590889325576425,-0.004780219780219805,-0.19859885685187934
2026-10-05 10:06:45+00:00,esp8266-01,23.97,54.57,119.6,False,normal,24.185384615384617,0.136810671233338,-6.593406593406844e-05,54.57384615384615,0.46137817729625774,-0.0043626373626373845,121.52153846153846,2.420860769211087,-0.01574725274725284,-0.06514958246679678
2026-10-05 10:06:50+00:00,esp8266-01,24.27,53.75,122.23,False,normal,24.189230769230768,0.13842307157972317,0.000758241758241744,54.53076923076923,0.5078076791987951,-0.01182417582417583,121.63076923076923,2.4183257448664777,-0.016549450549450583,-0.046278177222285874
2026-10-05 10:06:55+00:00,esp8266-01,24.11,55.31,124.4,False,normal,24.185384615384617,0.13986891580858965,1.0989010988993186e-05,54.604615384615386,0.5446186440580514,-0.008076923076923054,121.94923076923077,2.4884207581963507,-0.008835164835164779,-0.0983374813330696
2026-10-05 10:07:00+00:00,esp8266-01,24.24,55.41,119.79,False,normal,24.19538461538462,0.13876462554188088,-0.00020879120879124143,54.607692307692304,0.549029267065685,0.003120879120879101,122.0076923076923,2.427328870134206,-0.0455274725274724,-0.1805395112908026
2026-10-05 10:07:05+00:00,esp8266-01,24.23,54.61,122.1,False,normal,24.206153846153846,0.13556369275327051,-0.0007912087912088212,54.5923076923077,0.5459382022812367,0.004692307692307688,121.76846153846154,2.246446240188973,-0.02028571428571425,-0.10517290717345025
2026-10-05 10:07:10+00:00,esp8266-01,24.09,55.38,123.37,False,normal,24.19846153846154,0.13905428678958315,-0.001681318681318702,54.65384615384615,0.5847884359261104,0.009791208791208796,121.63846153846154,2.0960726872079514,0.015593406593406684,-0.14838176626288466
2026-10-05 10:07:15+00:00,esp8266-01,24.19,53.56,125.3,False,normal,24.200000000000003,0.13884135938878792,-0.0019560439560439534,54.56923076923078,0.6533400756404587,0.002626373626373619,121.62153846153845,2.0653286054574225,0.06959340659340664,-0.12940645180630134
2026-10-05 10:07:20+00:00,esp8266-01,24.26,54.5,123.01,False,normal,24.196923076923078,0.13702243585996218,-0.0007912087912087704,54.62230769230769,0.616493232181386,-0.0036703296703296663,121.83,2.0581732004563986,0.06858241758241765,-0.07053611982541816
2026-10-05 10:07:25+00:00,esp8266-01,24.19,54.56,122.72,False,normal,24.194615384615386,0.13686688561774715,-0.0006593406593406374,54.60307692307693,0.6142335388406398,-0.0026373626373626044,122.05384615384614,1.9831852330629853,0.058912087912087976,-0.05991880901785483
2026-10-05 10:07:30+00:00,esp8266-01,24.2,54.19,119.61,False,normal,24.176923076923078,0.11899480372525481,0.0011868131868132006,54.5223076923077,0.5938680745256824,-0.0004615384615384322,122.18615384615386,1.7439236859694445,0.010769230769230828,0.29133587539754197
2026-10-05 10:07:35+00:00,esp8266-01,24.12,54.27,120.91,False,normal,24.171538461538464,0.11986185342020887,0.0009120879120879414,54.47923076923077,0.5902862609128727,0.00024175824175827956,122.07307692307691,1.775068296044222,0.0038461538461538464,0.3066389715557329
2026-10-05 10:07:40+00:00,esp8266-01,24.49,54.58,118.3,False,normal,24.213076923076922,0.12910250044559823,0.001307692307692321,54.49076923076923,0.5906770761457042,0.0005274725274725475,121.89153846153847,2.014794687588815,-0.03190109890109895,-0.1681095102639079
2026-10-05 10:07:45+00:00,esp8266-01,24.17,54.37,119.88,False,normal,24.194615384615386,0.11613091979549417,0.0025384615384615645,54.54307692307692,0.5458569073609137,-0.006428571428571446,121.63230769230769,2.0399741847769053,-0.0347142857142858,-0.26350764374679814
2026-10-05 10:07:50+00:00,esp8266-01,24.16,54.22,120.06,False,normal,24.209230769230768,0.09738595211139406,0.0005824175824175993,54.51615384615385,0.5524565901712837,-0.008351648351648377,121.66769230769229,2.008157034336757,-0.06071428571428581,-0.47999585420546903
2026-10-05 10:07:55+00:00,esp8266-01,24.43,54.44,123.54,False,normal,24.22153846153846,0.11312662434678658,0.0025054945054945143,54.56923076923078,0.5076258697787669,-0.01474725274725279,121.76846153846154,2.065883480792907,-0.04404395604395609,-0.282165058705912
2026-10-05 10:08:00+00:00,esp8266-01,24.14,54.78,123.35,False,normal,24.22384615384615,0.11111591048150839,0.0011098901098901155,54.52846153846154,0.4660776784688107,-0.007659340659340674,121.68769230769232,1.980167645762709,-0.013373626373626423,-0.24132739917899543
2026-10-05 10:08:05+00:00,esp8266-01,24.31,54.13,117.5,False,normal,24.229230769230767,0.1134400240358714,0.0018021978021977832,54.43,0.3999615366122684,-0.0035054945054945265,121.51153846153846,2.2275541818631623,-0.05558241758241758,-0.30687326098080886
2026-10-05 10:08:10+00:00,esp8266-01,24.17,55.1,123.58,False,normal,24.224615384615387,0.11453016966423316,0.0014175824175824089,54.46769230769231,0.43656268994101605,0.002296703296703277,121.6253846153846,2.291618894965586,-0.03741758241758245,-0.3294934949824889
2026-10-05 10:08:15+00:00,esp8266-01,24.22,53.98,120.24,False,normal,24.234615384615385,0.10781860725779575,0.00035164835164832854,54.36000000000001,0.36505004925565654,0.0060989010989010725,121.38461538461539,2.2598795590255976,-0.03313186813186817,-0.2688762955881498
2026-10-05 10:08:20+00:00,esp8266-01,24.15,54.66,117.13,False,normal,24.23153846153846,0.10960391302998282,-0.0005494505494505768,54.44461538461538,0.2894720760975954,0.0019230769230768917,120.75615384615386,2.2192983591893376,-0.03106593406593414,-0.10819252723771193
2026-10-05 10:08:25+00:00,esp8266-01,24.27,54.64,122.61,False,normal,24.232307692307693,0.1098358107606466,-7.692307692309675e-05,54.45538461538461,0.29390253184494197,0.0036373626373626166,120.72538461538463,2.1904218609651367,-0.001505494505494526,-0.10700171180924951
2026-10-05 10:08:30+00:00,esp8266-01,24.15,54.25,123.34,False,normal,24.22923076923077,0.11152519815041735,-0.0009450549450549639,54.431538461538466,0.2970067638143872,0.0030879120879120903,120.77307692307694,2.239530804622247,0.031076923076923096,-0.14277139591813917
2026-10-05 10:08:35+00:00,esp8266-01,24.05,54.59,123.27,True,normal,24.217692307692307,0.1212850327600304,-0.002351648351648368,54.46230769230769,0.29104992556537834,0.0022747252747252907,121.05461538461539,2.3047262990666377,0.0385934065934066,-0.24845699766712945
2026-10-05 10:08:40+00:00,esp8266-01,24.23,55.05,122.33,False,normal,24.226153846153846,0.1179659965047785,-0.003021978021978026,54.52230769230769,0.323779455949087,0.004670329670329694,121.16384615384617,2.3288080095967723,0.04589010989010988,-0.25573091725277525
2026-10-05 10:08:45+00:00,esp8266-01,24.19,54.34,120.79,False,normal,24.20307692307692,0.09016093434988146,-0.0012307692307692358,54.50384615384616,0.32679182885790886,0.003912087912087954,121.35538461538461,2.1832354796868083,0.021395604395604426,-0.03388705427209444
2026-10-05 10:08:50+00:00,esp8266-01,24.14,54.55,121.72,False,normal,24.20076923076923,0.09135404824188588,-0.0019010989010988899,54.51769230769231,0.32463361232092564,0.003186813186813193,121.49692307692308,2.14225756052378,0.012450549450549448,-0.06063682876540304
2026-10-05 10:08:55+00:00,esp8266-01,24.22,54.56,120.82,False,normal,24.205384615384617,0.09069097017349319,-0.0020879120879120825,54.54384615384616,0.31308731791477074,0.0011758241758241918,121.55538461538461,2.1124088160006256,-0.0030659340659340882,-0.09210100119275362
2026-10-05 10:09:00+00:00,esp8266-01,24.37,55.55,121.16,False,normal,24.200769230769232,0.08004436639588891,0.0007252747252747371,54.629230769230766,0.40960509196170275,0.0070109890109889906,121.37230769230769,2.034158884370608,0.009593406593406613,-0.3549032081906685
2026-10-05 10:09:05+00:00,esp8266-01,24.23,54.82,119.89,False,normal,24.207692307692312,0.07836343791826972,0.00045054945054947025,54.63230769230769,0.4108743743278449,0.009428571428571418,121.10615384615383,1.983712674842625,0.01503296703296704,-0.3218512527503396
2026-10-05 10:09:10+00:00,esp8266-01,24.06,53.37,117.43,False,normal,24.188461538461542,0.08150942879355395,0.00026373626373626594,54.573846153846155,0.5182298044087442,-0.002758241758241764,121.10076923076923,1.9935644981499698,-0.03694505494505487,0.1231358595827739
2026-10-05 10:09:15+00:00,esp8266-01,24.07,53.98,119.61,False,normal,24.180769230769233,0.08739490730293031,-0.0006593406593406413,54.4876923076923,0.516692943277871,-0.002626373626373635,120.79538461538462,1.8918717446552002,-0.027703296703296635,0.2102642921313342
2026-10-05 10:09:20+00:00,esp8266-01,24.31,54.03,124.79,False,normal,24.18769230769231,0.09357463875299958,0.0004945054945054976,54.49153846153846,0.5130728866177409,-0.009549450549450562,121.14538461538463,2.158798153476963,-0.005637362637362558,0.36497333886480243
2026-10-05 10:09:25+00:00,esp8266-01,24.12,54.51,123.56,False,normal,24.185384615384613,0.09483713850722959,-0.0002417582417582405,54.480000000000004,0.5108364181945716,-0.008131868131868177,121.64,1.9036806454865292,-0.02060439560439554,0.28056913345558987
2026-10-05 10:09:30+00:00,esp8266-01,24.25,53.98,120.68,False,normal,24.183846153846154,0.09360625073956055,0.000835164835164833,54.42923076923076,0.5250122568307328,-0.010197802197802254,121.49153846153847,1.8974916485225959,-0.01947252747252737,0.22148904205374167
2026-10-05 10:09:35+00:00,esp8266-01,24.17,54.44,123.62,False,normal,24.185384615384613,0.09320080757454367,0.000483516483516481,54.44384615384615,0.5224577783682894,-0.011505494505494566,121.51307692307692,1.9198092237566964,0.008780219780219915,0.23390814467842794
2026-10-05 10:09:40+00:00,esp8266-01,24.18,54.46,122.32,False,normal,24.19538461538462,0.0847271988493378,-0.0005934065934065964,54.433846153846154,0.5208061570819337,-0.010274725274725291,121.43999999999998,1.8689486966659101,0.027615384615384656,0.3823546106957077
2026-10-05 10:09:45+00:00,esp8266-01,24.42,54.94,122.81,False,normal,24.21,0.10370075290879022,0.0011538461538461624,54.425384615384615,0.511537883169149,-0.002197802197802237,121.47692307692309,1.8907808098787913,0.04349450549450552,0.4146756552514378
2026-10-05 10:09:50+00:00,esp8266-01,24.17,54.67,117.75,False,normal,24.208461538461542,0.1041335055697841,0.0007362637362637616,54.450769230769225,0.5148481708749372,-0.001241758241758229,121.24307692307693,2.1336656237758476,0.013637362637362696,0.41118048179331995
2026-10-05 10:09:55+00:00,esp8266-01,24.37,54.22,117.85,False,normal,24.22615384615385,0.1103517774795855,0.001274725274725306,54.425384615384615,0.5174585139018216,-0.0020000000000000005,120.94538461538461,2.3091177648770733,-0.005065934065934062,0.22359162673849747
2026-10-05 10:10:00+00:00,esp8266-01,24.23,54.55,119.75,False,normal,24.226923076923075,0.11034105278181218,0.001252747252747273,54.424615384615386,0.5172652255946475,-0.00014285714285713005,120.86307692307693,2.3310855332470064,-0.013912087912087971,0.22014648113324
2026-10-05 10:10:05+00:00,esp8266-01,24.4,54.96,121.29,False,normal,24.22923076923077,0.11357556200181575,0.0034945054945055057,54.379230769230766,0.4360391926361756,0.01204395604395606,120.87307692307692,2.332616176067538,-0.008813186813186871,0.2227688596748014
2026-10-05 10:10:10+00:00,esp8266-01,24.09,54.34,122.24,False,normal,24.218461538461536,0.11947617424834917,0.0025824175824175916,54.342307692307685,0.417062139737452,0.015175824175824235,121.05384615384615,2.3404718079958946,-0.007362637362637475,0.16587182277160364
2026-10-05 10:10:15+00:00,esp8266-01,24.33,54.91,122.32,False,normal,24.239230769230765,0.11344002403587333,0.0020989010989010833,54.46076923076922,0.3346286469520524,0.011439560439560468,121.43,2.1093746794871486,-0.026890109890110012,0.021988353533853273
2026-10-05 10:10:20+00:00,esp8266-01,24.19,54.66,120.84,False,normal,24.248461538461534,0.10376349987028669,0.0004725274725274644,54.51307692307693,0.30743065798236513,0.009054945054945049,121.52461538461537,2.052434259734653,-0.044780219780219885,-0.08015214284281595
2026-10-05 10:10:25+00:00,esp8266-01,24.26,54.95,122.34,False,normal,24.244615384615386,0.10232793322043164,0.00102197802197801,54.583846153846146,0.29366486554310917,0.008219780219780256,121.33615384615383,1.8460499970791493,-0.014285714285714332,-0.1721967981833092
2026-10-05 10:10:30+00:00,esp8266-01,24.42,54.62,123.58,False,normal,24.267692307692307,0.10540426543363565,0.0012197802197802192,54.592307692307685,0.29299918209796033,0.007890109890109905,121.33769230769232,1.8479100621061313,0.01761538461538457,0.09767777980882619
2026-10-05 10:10:35+00:00,esp8266-01,24.35,54.28,123.02,False,normal,24.275384615384617,0.10746129067757375,0.0016263736263736268,54.61538461538461,0.25294010797986594,0.0011208791208791322,121.51769230769231,1.8885979897436853,0.023648351648351627,0.13499326168228412
2026-10-05 10:10:40+00:00,esp8266-01,24.26,54.07,122.03,False,normal,24.282307692307693,0.10326618674789632,0.0007142857142857284,54.58692307692308,0.2892798649002383,-0.003824175824175821,121.39538461538463,1.797791873744493,0.04319780219780223,0.24066584534453858
2026-10-05 10:10:45+00:00,esp8266-01,24.02,54.58,122.2,False,normal,24.27,0.1224744871391868,-0.0018021978021978027,54.59615384615385,0.28698803141860924,-0.004846153846153842,121.38615384615386,1.793323251403279,0.05561538461538463,0.1621211290331668
2026-10-05 10:10:50+00:00,esp8266-01,24.36,54.5,119.73,False,normal,24.265384615384615,0.11777523473619675,-5.4945054945055724e-05,54.5623076923077,0.26987614954769196,-0.002835164835164841,121.14923076923077,1.7930183470615486,0.055648351648351704,0.03134643971943322
2026-10-05 10:10:55+00:00,esp8266-01,24.08,54.53,116.61,False,normal,24.258461538461535,0.12556617341199644,-0.002010989010989017,54.55153846153847,0.26815168364901343,-0.0022197802197802,121.06153846153846,1.9756940208203368,-0.00042857142857136984,0.18462715436675575
2026-10-05 10:11:00+00:00,esp8266-01,24.32,54.54,124.29,False,normal,24.254615384615384,0.12282666865363662,-0.000747252747252747,54.576153846153844,0.25070787356969065,-0.004846153846153834,121.55692307692308,1.9147700589622265,-0.0038461538461537835,0.38499494778756665
2026-10-05 10:11:05+00:00,esp8266-01,24.38,54.64,125.33,False,normal,24.26615384615385,0.12694871535926444,-0.00010989010989011535,54.583076923076916,0.25113234682397106,-0.004626373626373627,121.98615384615384,2.079913232145632,0.007131868131868173,0.44902700966531855
2026-10-05 10:11:10+00:00,esp8266-01,24.33,55.04,121.98,False,normal,24.26076923076923,0.12256624823786869,0.001340659340659312,54.589230769230774,0.2610765151168817,0.0012857142857142876,122.03923076923077,2.070252535834756,0.0017362637362638438,0.49650695503062175
2026-10-05 10:11:15+00:00,esp8266-01,24.19,54.71,121.76,False,normal,24.26846153846154,0.11447849336794122,-0.0004395604395604614,54.61769230769231,0.2523780389737309,0.00016483516483520232,122.0023076923077,2.07062292316609,0.0014395604395605359,0.5502262946993838
2026-10-05 10:11:20+00:00,esp8266-01,24.18,55.13,124.13,False,normal,24.25692307692308,0.11525120492512178,-0.0005494505494505885,54.63461538461539,0.2775335152211693,0.005791208791208826,122.14153846153847,2.146757290404623,0.01791208791208791,0.4690509775078549
2026-10-05 10:11:25+00:00,esp8266-01,24.22,55.11,123.55,False,normal,24.25923076923077,0.11418349190006148,-0.0013076923076923482,54.669230769230765,0.3052227821535847,0.009120879120879126,122.35,2.141821654573533,0.01718681318681317,0.42880659588777276
2026-10-05 10:11:30+00:00,esp8266-01,24.42,54.96,123.75,False,normal,24.27153846153846,0.12196128981371439,-0.00024175824175826002,54.67,0.3059411708155874,0.013197802197802228,122.45846153846153,2.1740279743223674,0.02634065934065934,0.4557788853146778
2026-10-05 10:11:35+00:00,esp8266-01,24.12,55.28,121.61,False,normal,24.24846153846154,0.12005422837819893,-9.890109890109874e-05,54.72076923076923,0.34562010132207466,0.016835164835164854,122.30692307692308,2.159178563946488,0.02937362637362635,0.44145661115821544
2026-10-05 10:11:40+00:00,esp8266-01,24.15,54.69,119.99,False,normal,24.233076923076922,0.11886544528518224,3.296703296703422e-05,54.752307692307696,0.3218493160603753,0.013241758241758246,122.07384615384616,2.231937890166795,0.01958241758241748,0.4629720784701704
2026-10-05 10:11:45+00:00,esp8266-01,24.25,54.59,121.07,False,normal,24.232307692307693,0.1187209945890674,0.0003516483516483676,54.79230769230769,0.2611558286998686,0.006923076923076951,122.0,2.2479905556878133,0.01262637362637348,0.4554562819790327
2026-10-05 10:11:50+00:00,esp8266-01,24.1,53.86,121.38,False,normal,24.23846153846154,0.10925243555436615,-0.0021538461538461273,54.73692307692307,0.35850940584990354,-0.0008571428571428506,121.93692307692307,2.2529924873219285,0.010076923076922923,0.5343126522867275
2026-10-05 10:11:55+00:00,esp8266-01,24.13,54.85,121.62,False,normal,24.220769230769232,0.10673198197510907,-0.0019340659340659162,54.76384615384615,0.35280280963339467,-0.001934065934065924,122.0823076923077,2.165158206499395,-0.008989010989011075,0.6809742866466215
2026-10-05 10:12:00+00:00,esp8266-01,24.12,54.38,118.72,False,normal,24.223846153846157,0.1031457864114751,-0.003681318681318667,54.75230769230769,0.3625795158657669,-0.006263736263736236,122.24461538461539,1.7965634518954492,-0.07325274725274734,0.6674001636563117
2026-10-05 10:12:05+00:00,esp8266-01,24.33,55.01,118.67,False,normal,24.224615384615383,0.10389457560546887,-0.002241758241758237,54.78846153846154,0.3630394374391087,-0.006197802197802199,121.81230769230768,1.924018846246079,-0.0810879120879121,0.3986557976993342
2026-10-05 10:12:10+00:00,esp8266-01,24.32,54.27,119.05,False,normal,24.219999999999995,0.09805806756910995,-0.0004175824175824165,54.76,0.3872586096773585,-0.010758241758241742,121.32923076923079,1.7616970032786299,-0.07224175824175828,0.08767743133353224
2026-10-05 10:12:15+00:00,esp8266-01,24.29,55.36,122.77,False,normal,24.216923076923077,0.09514237229500053,0.0008901098901098731,54.78461538461538,0.4135515107831374,-0.004648351648351653,121.39000000000001,1.7963809772385646,-0.05773626373626375,0.10288698724031436
2026-10-05 10:12:20+00:00,esp8266-01,24.3,55.28,119.56,False,normal,24.225384615384616,0.09724001903423844,0.001230769230769228,54.82846153846154,0.4330721409764773,-0.0019560439560439573,121.22076923076924,1.8561849275347115,-0.06695604395604392,0.04481090983519761
2026-10-05 10:12:25+00:00,esp8266-01,24.46,54.49,122.3,False,normal,24.246923076923075,0.1143129722354694,0.0024285714285714297,54.77923076923077,0.4323720182090732,-0.0018681318681318477,121.08,1.692381117288234,-0.03746153846153844,0.2106565239863799
2026-10-05 10:12:30+00:00,esp8266-01,24.41,54.87,118.29,False,normal,24.261538461538464,0.12183508108198962,0.003296703296703289,54.76076923076923,0.4228740772465375,0.0012747252747252631,120.67538461538462,1.6822357622411885,-0.03685714285714278,0.0818911302667137
2026-10-05 10:12:35+00:00,esp8266-01,24.26,54.18,119.96,False,normal,24.24923076923077,0.11296436051059484,0.004505494505494519,54.70076923076923,0.44510087946376775,-0.0010219780219780372,120.38384615384615,1.434264960295414,-0.01792307692307688,-0.14934525585453404
2026-10-05 10:12:40+00:00,esp8266-01,24.32,54.68,121.31,False,normal,24.264615384615386,0.10781860725780415,0.0039780219780219984,54.65461538461538,0.4125645009639502,0.003296703296703281,120.36076923076922,1.4166562013767672,-0.0023846153846153084,-0.04328375294664532
2026-10-05 10:12:45+00:00,esp8266-01,24.15,53.96,122.44,False,normal,24.264615384615386,0.10781860725780415,0.0023406593406593394,54.598461538461535,0.45174611920085245,-0.001010989010989044,120.54923076923076,1.5143897554331294,0.008472527472527512,-0.17278257580744405
2026-10-05 10:12:50+00:00,esp8266-01,24.24,54.1,121.47,False,normal,24.263846153846153,0.10795572180217744,0.002065934065934053,54.56076923076924,0.47091501010859244,-0.004362637362637369,120.58,1.5286545114526326,0.018549450549450546,-0.17782637773076423
2026-10-05 10:12:55+00:00,esp8266-01,24.16,54.72,122.97,False,normal,24.26846153846154,0.10196878510653012,0.00012087912087912025,54.626923076923084,0.4260983024064073,-0.00870329670329673,120.7023076923077,1.6468111556120852,0.040461538461538424,-0.23176961754092493
2026-10-05 10:13:00+00:00,esp8266-01,24.05,54.34,122.58,False,normal,24.262307692307694,0.11205450913621441,-0.0023846153846153865,54.58769230769231,0.42722996592818163,-0.008879120879120878,120.77615384615385,1.7067402058243715,0.05990109890109889,-0.3150097809103
2026-10-05 10:13:05+00:00,esp8266-01,24.32,54.31,116.02,False,normal,24.27769230769231,0.10496547755951809,-0.0030989010989010916,54.582307692307694,0.4302441855174926,-0.01230769230769228,120.56846153846153,2.0699492604477703,0.012725274725274694,-0.46331108897753054
2026-10-05 10:13:10+00:00,esp8266-01,24.23,54.71,122.51,False,normal,24.27,0.10451352507251892,-0.003010989010989013,54.559230769230766,0.41444052256696046,-0.008175824175824166,120.86384615384615,2.051867961194734,0.010923076923076952,-0.4564134160750719
2026-10-05 10:13:15+00:00,esp8266-01,24.33,55.06,122.2,False,normal,24.270769230769233,0.104914730098891,-0.0022307692307692436,54.620000000000005,0.42535053417515534,-0.00709890109890106,121.10615384615383,2.008905321740161,0.005780219780219817,-0.40291612986260544
2026-10-05 10:13:20+00:00,esp8266-01,24.4,54.42,121.59,False,normal,24.279230769230768,0.11041610379079357,-0.0012307692307692592,54.54769230769231,0.3696600069118552,-0.0027252747252746908,121.0153846153846,1.9576815777248513,0.021769230769230805,-0.3784405633031284
2026-10-05 10:13:25+00:00,esp8266-01,24.19,53.6,122.21,False,normal,24.27076923076923,0.1126916513501813,-0.0016593406593406728,54.418461538461536,0.3844245680503823,-0.003340659340659301,121.21923076923076,1.9333409168048208,0.01845054945054946,-0.3945137457944479
2026-10-05 10:13:30+00:00,esp8266-01,24.12,54.61,122.23,False,normal,24.244615384615386,0.1049260094334389,-0.0011978021978021976,54.42769230769231,0.3874602480087412,-0.001527472527472489,121.21384615384615,1.930418601322353,0.033428571428571446,-0.5605919162605922
2026-10-05 10:13:35+00:00,esp8266-01,24.28,53.69,122.51,False,normal,24.234615384615385,0.09434921911670983,0.00030769230769231676,54.336923076923085,0.41072889459116985,-0.0029890109890109958,121.53846153846153,1.7586264139678411,0.01948351648351658,-0.41933103923037085
2026-10-05 10:13:40+00:00,esp8266-01,24.39,54.8,123.12,False,normal,24.244615384615386,0.10300226917707266,0.0015274725274725515,54.38461538461539,0.4254701541483479,-0.0011428571428571809,121.78153846153847,1.741961079463883,0.01776923076923085,-0.278791818460639
2026-10-05 10:13:45+00:00,esp8266-01,24.26,54.04,128.56,False,normal,24.240000000000002,0.10084260393918426,0.0022087912087912455,54.33538461538462,0.4254701541483479,-0.0011428571428571965,122.33923076923078,2.498145347555866,0.05883516483516493,-0.14565093347010546
2026-10-05 10:13:50+00:00,esp8266-01,24.26,53.91,122.32,False,normal,24.24846153846154,0.09749525857082549,0.0016483516483516835,54.33153846153846,0.4290570368009544,-0.006835164835164912,122.33,2.497977643553387,0.059483516483516505,-0.14759797056790297
2026-10-05 10:13:55+00:00,esp8266-01,24.16,54.06,122.65,False,normal,24.242307692307694,0.10031901776556812,0.0010000000000000198,54.32846153846154,0.43084614697926327,-0.01040659340659346,122.42076923076924,2.486491075757709,0.054978021978022026,-0.15284033858856244
2026-10-05 10:14:00+00:00,esp8266-01,24.34,54.5,119.73,False,normal,24.256153846153843,0.10042513181767573,0.0010109890109890245,54.31153846153846,0.4193006293239878,-0.006263736263736329,122.17153846153846,2.5795850774102846,0.04146153846153852,-0.19847957281952738
2026-10-05 10:14:05+00:00,esp8266-01,24.12,54.81,121.42,False,normal,24.26153846153846,0.09062570138479258,-0.0014725274725274529,54.347692307692306,0.43995023925185595,-0.0027582417582417873,122.08230769230771,2.5839717605213433,0.03964835164835167,-0.15624333242320523
2026-10-05 10:14:10+00:00,esp8266-01,24.2,54.3,122.3,True,normal,24.25230769230769,0.09031175459350181,-0.0014285714285714177,54.346923076923076,0.4400242058968594,-0.003362637362637396,122.56538461538463,1.9026686335235432,-0.005549450549450594,-0.03431837690771401
2026-10-05 10:14:15+00:00,esp8266-01,24.28,53.95,122.8,False,normal,24.25615384615385,0.0903445082864509,-0.001417582417582401,54.28846153846154,0.43838595839821615,-0.003186813186813193,122.58769230769232,1.90358832753049,-0.004428571428571477,-0.03243485874770083
2026-10-05 10:14:20+00:00,esp8266-01,24.26,55.23,121.18,False,normal,24.25076923076923,0.0878338937962651,-0.0008241758241758164,54.301538461538456,0.46304753292884665,0.008956043956043947,122.50923076923078,1.9386492583099744,-0.01669230769230769,-0.024752260118935318
2026-10-05 10:14:25+00:00,esp8266-01,24.11,55.23,120.1,False,normal,24.22846153846154,0.08383556743332252,-0.0006043956043956208,54.363846153846154,0.5251305839289196,0.015989010989010975,122.39461538461539,2.0314322926850275,-0.03964835164835168,0.17538190156523353
2026-10-05 10:14:30+00:00,esp8266-01,24.09,53.64,119.41,False,normal,24.220769230769232,0.09126980615074971,-0.001813186813186831,54.36692307692307,0.5207448011540853,0.005340659340659356,122.17923076923078,2.182413841945424,-0.060747252747252865,0.29848330281547847
2026-10-05 10:14:35+00:00,esp8266-01,24.3,55.24,119.62,False,normal,24.234615384615385,0.08854511102480155,-0.0020659340659340804,54.41538461538461,0.5682580045747957,0.012967032967033002,121.97846153846154,2.286097939061755,-0.0772307692307693,0.2323363696394559
2026-10-05 10:14:40+00:00,esp8266-01,24.28,54.87,121.84,False,normal,24.23461538461538,0.08854511102480155,-0.0014175824175824245,54.50615384615385,0.5386098696793377,0.010384615384615395,121.92692307692309,2.281080663651109,-0.07405494505494506,0.22126669557865944
2026-10-05 10:14:45+00:00,esp8266-01,24.07,55.03,124.21,False,normal,24.21,0.08638019716080728,-0.001307692307692317,54.52384615384615,0.5515926376138824,0.016098901098901105,122.01076923076923,2.3425970517239447,-0.04982417582417586,0.01771457677990867
2026-10-05 10:14:50+00:00,esp8266-01,24.36,54.35,120.94,False,normal,24.217692307692307,0.0945559538176684,6.593406593405673e-05,54.54769230769231,0.5366585197906795,0.011230769230769246,121.42461538461538,1.3903105097817239,-0.006505494505494538,-0.22402562737598963
2026-10-05 10:14:55+00:00,esp8266-01,24.23,54.18,122.63,False,normal,24.215384615384615,0.09385876333951586,0.0004725274725274722,54.56846153846155,0.5164203141128553,0.0039010989010988904,121.44846153846154,1.4080092119117884,0.008329670329670219,-0.23585088798820789
2026-10-05 10:15:00+00:00,esp8266-01,24.48,55.17,123.3,False,normal,24.240000000000002,0.11555884281979655,0.0017912087912087902,54.65384615384615,0.5170558437559222,0.003956043956043973,121.49846153846154,1.4603574175462348,0.02978021978021969,0.061672577459690785
2026-10-05 10:15:05+00:00,esp8266-01,24.09,55.22,121.8,False,normal,24.220769230769232,0.11809132961475191,0.0015714285714285633,54.70923076923077,0.5358309368629501,0.006505494505494515,121.6576923076923,1.368835292930338,0.018164835164835105,0.14596001297627292
2026-10-05 10:15:10+00:00,esp8266-01,24.42,54.74,118.66,False,normal,24.243846153846157,0.12524059685499928,0.002109890109890116,54.70384615384616,0.5351425182069893,0.007483516483516525,121.44538461538463,1.5860430461934978,-0.0034285714285714804,-0.09711153002647692
2026-10-05 10:15:15+00:00,esp8266-01,24.26,54.8,124.44,False,normal,24.24846153846154,0.12464387138789208,0.001879120879120884,54.74230769230769,0.522555169647629,0.005010989010989013,121.60999999999999,1.7669399885330015,0.022890109890109825,-0.06105276633751113
2026-10-05 10:15:20+00:00,esp8266-01,24.17,54.57,120.64,False,normal,24.240000000000002,0.12594259986812562,0.001604395604395621,54.790000000000006,0.47411455934682545,-0.002219780219780192,121.44384615384615,1.7486897884791952,0.02564835164835159,-0.05396344948905573
2026-10-05 10:15:25+00:00,esp8266-01,24.31,54.81,120.24,False,normal,24.243846153846157,0.127251323797785,0.002219780219780231,54.75769230769231,0.4570331387775373,0.0012967032967033199,121.37153846153845,1.7773049872634465,0.01568131868131866,-0.07818577665665427
2026-10-05 10:15:30+00:00,esp8266-01,24.15,55.61,122.84,False,normal,24.246923076923075,0.12443006162777304,0.0005714285714285631,54.78692307692308,0.49673371004819517,0.010549450549450543,121.5823076923077,1.7764837951853905,0.015582417582417574,-0.19011106591325724
2026-10-05 10:15:35+00:00,esp8266-01,24.08,54.41,123.54,False,normal,24.246153846153845,0.1254247222311078,-0.0017362637362637618,54.84615384615385,0.39112340097841214,-0.000758241758241787,121.89999999999999,1.728231644017881,0.01178021978021981,-0.42967883242090277
2026-10-05 10:15:40+00:00,esp8266-01,24.1,54.87,124.95,False,normal,24.23076923076923,0.13005688332192053,-0.0022857142857142993,54.817692307692305,0.3745387696098339,0.0024285714285713985,122.31,1.7704193332046572,0.014351648351648448,-0.48501364165417044
2026-10-05 10:15:45+00:00,esp8266-01,24.2,54.32,122.46,False,normal,24.224615384615387,0.12947321579952437,-0.0021098901098901236,54.77538461538462,0.3966516663001903,-0.00045054945054949367,122.35769230769232,1.7654598609739829,0.01172527472527482,-0.48105124095334695
2026-10-05 10:15:50+00:00,esp8266-01,24.22,53.94,121.81,False,normal,24.236153846153847,0.12162606385264589,-0.0033296703296703503,54.691538461538464,0.44609150758125116,-0.004000000000000048,122.17307692307692,1.6857976181818624,0.02236263736263745,-0.41750308501657646
2026-10-05 10:15:55+00:00,esp8266-01,24.13,55.01,120.67,False,normal,24.21846153846154,0.11902463570760308,-0.003076923076923109,54.74230769230769,0.4418693480092036,-0.004527472527472571,122.15230769230769,1.7024423805732096,0.002967032967033064,-0.3057272161580324
2026-10-05 10:16:00+00:00,esp8266-01,24.44,55.41,120.43,False,normal,24.234615384615385,0.1329323358598786,-0.0015274725274725476,54.83692307692307,0.4430208297826664,-0.00445054945054951,121.98307692307692,1.755077840112004,-0.004714285714285596,-0.3814342390739488
2026-10-05 10:16:05+00:00,esp8266-01,24.15,54.04,120.8,False,normal,24.209230769230768,0.11377856621604451,-0.0001978021978022248,54.75,0.4785715925865103,-0.007142857142857182,121.79076923076923,1.7371172474421679,-0.0023846153846153084,-0.5617608188234332
2026-10-05 10:16:10+00:00,esp8266-01,24.47,54.53,120.6,False,normal,24.23846153846154,0.12739074678667942,0.00060439560439557,54.69692307692307,0.46145896751308646,-0.004978021978022003,121.69846153846153,1.7658201239252151,-0.01016483516483515,-0.5873911479806078
2026-10-05 10:16:15+00:00,esp8266-01,24.22,53.87,121.69,False,normal,24.22307692307692,0.11611563304176098,0.0018791208791208527,54.629999999999995,0.5108063007864092,-0.010098901098901112,121.93153846153845,1.5341539695763902,-0.033593406593406615,-0.48335630246203637
2026-10-05 10:16:20+00:00,esp8266-01,24.17,55.43,123.27,False,normal,24.216153846153848,0.11639048742114627,0.0018131868131868155,54.678461538461534,0.5527949425607376,-0.003516483516483535,121.84153846153846,1.4139679364978197,-0.005472527472527539,-0.6034860602801225
2026-10-05 10:16:25+00:00,esp8266-01,24.19,53.84,124.95,False,normal,24.217692307692307,0.11590140678471744,0.001285714285714315,54.622307692307686,0.5963240451834249,-0.009879120879120858,122.17307692307692,1.587956522440064,0.005780219780219739,-0.5995593972051867
2026-10-05 10:16:30+00:00,esp8266-01,24.38,53.98,120.98,False,normal,24.22307692307692,0.12155306630849179,0.0030659340659340843,54.558461538461536,0.6168885468947843,-0.01267032967032964,122.23,1.529841620761957,-0.01695604395604401,-0.6013385515003257
2026-10-05 10:16:35+00:00,esp8266-01,24.41,55.09,120.55,False,normal,24.243076923076924,0.1290429037410489,0.00373626373626375,54.51846153846154,0.5618081544147271,-0.001076923076923011,122.05384615384615,1.5804650652530614,-0.023340659340659396,-0.6326482468754989
2026-10-05 10:16:40+00:00,esp8266-01,24.18,54.97,114.65,False,normal,24.250769230769233,0.12187392845836631,0.0020659340659340687,54.56153846153846,0.5731941026301289,0.0010659340659341116,121.37000000000002,2.4651603162097633,-0.060725274725274704,-0.23032979244318086
2026-10-05 10:16:45+00:00,esp8266-01,23.97,54.94,123.78,False,normal,24.24076923076923,0.13808924307584103,-0.0009450549450549366,54.566923076923075,0.5763864170633843,0.005934065934065956,121.28,2.3515559497097667,-0.017296703296703245,-0.24830509888103416
2026-10-05 10:16:50+00:00,esp8266-01,24.05,54.43,119.7,False,normal,24.22923076923077,0.14699353928564046,-0.002516483516483504,54.57538461538461,0.573499586005035,0.0031318681318681647,121.06769230769231,2.3600135392250245,-0.018637362637362615,-0.16198613602049847
2026-10-05 10:16:55+00:00,esp8266-01,24.22,54.42,118.84,False,normal,24.229230769230767,0.14699353928564046,-0.0026483516483516486,54.612307692307695,0.5462058480118862,-0.0027802197802197426,120.83923076923078,2.4200872887577924,-0.027615384615384563,-0.15203697481127385
2026-10-05 10:17:00+00:00,esp8266-01,24.2,54.48,121.42,False,normal,24.234615384615385,0.14452124595556193,-0.0036043956043956132,54.571538461538466,0.534657994981512,-0.0005934065934065847,120.89692307692309,2.4243012779748487,-0.025087912087912025,-0.16266981505483052
2026-10-05 10:17:05+00:00,esp8266-01,24.0,54.12,123.65,False,normal,24.200769230769232,0.14397978161809058,-0.0035714285714285674,54.472307692307695,0.4874605127385283,0.0028791208791208527,121.14461538461538,2.526291338898601,-0.010527472527472385,-0.24995935526448315
2026-10-05 10:17:10+00:00,esp8266-01,24.33,54.56,124.04,False,normal,24.214615384615385,0.14705390872400304,-0.0031098901098901236,54.51230769230769,0.471416096558755,0.00013186813186812126,121.39384615384614,2.6373778891500486,0.005912087912088063,-0.17258070566440817
2026-10-05 10:17:15+00:00,esp8266-01,24.22,55.25,118.22,False,normal,24.19538461538461,0.12743718721939115,-0.001109890109890135,54.567692307692305,0.5108839074231285,0.005131868131868134,121.21076923076923,2.765617086623255,-0.021120879120879045,-0.15938310154438556
2026-10-05 10:17:20+00:00,esp8266-01,24.05,54.55,121.09,False,normal,24.182307692307692,0.1328477350580636,-0.0018791208791209034,54.62,0.4699427133663969,-0.0003516483516483832,121.16461538461539,2.7622388226960886,-0.018230769230769172,-0.15351581115906962
2026-10-05 10:17:25+00:00,esp8266-01,24.06,54.92,123.5,False,normal,24.173846153846153,0.13680634609314885,-0.002780219780219797,54.580769230769235,0.4192385320382422,0.00785714285714284,121.1823076923077,2.776367726271018,0.01336263736263736,-0.20052070619168297
2026-10-05 10:17:30+00:00,esp8266-01,24.08,55.23,118.92,False,normal,24.165384615384614,0.13893082864478148,-0.003274725274725287,54.68769230769231,0.393116812668174,0.006439560439560431,120.71846153846153,2.60668326291017,0.02742857142857142,-0.18897728004582373
2026-10-05 10:17:35+00:00,esp8266-01,23.99,54.92,119.77,False,normal,24.135384615384616,0.13124348391824842,-0.002780219780219801,54.76,0.3390257535032969,0.0025274725274725164,120.6253846153846,2.6172640306085015,0.023186813186813142,-0.18268495239122065
2026-10-05 10:17:40+00:00,esp8266-01,24.14,53.9,121.83,False,normal,24.11461538461538,0.10485267207004371,-0.0006373626373626433,54.668461538461536,0.393795068802334,-0.0006043956043955934,120.72384615384615,2.63658152352197,0.03054945054945045,-0.2122858618578246
2026-10-05 10:17:45+00:00,esp8266-01,24.15,53.96,117.76,False,normal,24.11230769230769,0.10371216427084474,9.890109890109094e-05,54.59076923076923,0.4250332392153437,-0.002956043956043938,120.96307692307693,2.175370471067055,-0.03571428571428576,-0.15802880362500674
2026-10-05 10:17:50+00:00,esp8266-01,24.17,54.17,123.92,False,normal,24.127692307692307,0.09600912185455511,-0.0006153846153846101,54.53153846153846,0.42588994883740555,-0.003043956043956024,120.97384615384614,2.189589137650246,0.005450549450549397,0.03871955302472948
2026-10-05 10:17:55+00:00,esp8266-01,24.27,54.01,122.54,False,normal,24.144615384615385,0.10012418324760808,-0.0002747252747252591,54.49923076923077,0.4477372433171854,-0.007263736263736256,121.1923076923077,2.1932699642530764,0.00597802197802196,0.06363390245915145
2026-10-05 10:18:00+00:00,esp8266-01,24.37,54.89,120.78,False,normal,24.15615384615385,0.11559468057618731,0.0017912087912088136,54.53538461538461,0.4587208868920446,-0.005296703296703266,121.34153846153846,2.091792923101171,-0.01483516483516485,0.0775201333733855
2026-10-05 10:18:05+00:00,esp8266-01,24.28,54.1,120.78,False,normal,24.16230769230769,0.11981741533578553,0.002945054945054976,54.50615384615384,0.47319760812094,-0.00859340659340657,121.29230769230769,2.0968920365669255,-0.01793406593406596,0.05346645593321063
2026-10-05 10:18:10+00:00,esp8266-01,24.19,54.83,123.42,False,normal,24.176923076923075,0.1103410527817833,0.001879120879120923,54.560769230769225,0.4664013052241717,-0.009428571428571434,121.2746153846154,2.0778080735555386,0.014230769230769234,0.20788096318837457
2026-10-05 10:18:15+00:00,esp8266-01,24.04,54.89,120.66,False,normal,24.154615384615383,0.10638214024595267,0.002153846153846182,54.58615384615385,0.47457735790814093,-0.007263736263736248,121.01461538461538,1.9210638694568476,0.03145054945054945,0.07717006520528503
2026-10-05 10:18:20+00:00,esp8266-01,24.16,55.02,125.25,False,normal,24.150000000000002,0.1047340955430763,0.0026923076923077147,54.568461538461534,0.45330998315547916,0.000703296703296743,121.55538461538461,2.043814741659564,0.03787912087912086,0.15919548998676533
2026-10-05 10:18:25+00:00,esp8266-01,24.17,54.57,120.11,False,normal,24.159230769230767,0.1007251812119194,0.002054945054945095,54.57000000000001,0.4532786543193457,0.0005714285714285904,121.48,2.0773874124819716,0.024769230769230762,0.1384463180353208
2026-10-05 10:18:30+00:00,esp8266-01,24.07,55.18,119.76,False,normal,24.16,0.09999999999998269,0.0007032967032967351,54.589999999999996,0.4735626024735878,0.007285714285714312,121.1923076923077,2.0362867934859885,0.02896703296703299,0.27705028975192003
2026-10-05 10:18:35+00:00,esp8266-01,24.06,54.86,120.02,False,normal,24.158461538461538,0.10136348560016127,-0.0005714285714285631,54.56153846153846,0.44446763581835674,0.013989010989010986,121.27692307692308,1.9615903462217998,0.0037582417582417444,0.2594122554035233
2026-10-05 10:18:40+00:00,esp8266-01,24.06,54.73,118.63,False,normal,24.163846153846155,0.09385245880458114,-0.002516483516483531,54.54692307692308,0.43547294564708666,0.017857142857142842,121.18923076923078,2.0504650937267193,-0.02528571428571437,0.27318574129957407
2026-10-05 10:18:45+00:00,esp8266-01,24.08,54.35,127.03,False,normal,24.159230769230774,0.09635363858534608,-0.003252747252747277,54.581538461538464,0.39903433732810834,0.011582417582417567,121.58923076923075,2.5762419306437843,0.018153846153846055,0.07220104221817701
2026-10-05 10:18:50+00:00,esp8266-01,24.12,55.28,119.75,False,normal,24.156923076923075,0.09690476017397112,-0.0035824175824176116,54.683076923076925,0.39589012880199687,0.011406593406593401,121.74230769230768,2.3970563802174083,-0.0234285714285715,0.09086679702409052
2026-10-05 10:18:55+00:00,esp8266-01,23.96,54.3,119.56,False,normal,24.140769230769234,0.10999731034901682,-0.004780219780219794,54.69307692307692,0.38427523420241866,0.004934065934065921,121.40692307692309,2.37380377847418,-0.021065934065934114,0.17829976218075316
2026-10-05 10:19:00+00:00,esp8266-01,24.09,55.5,119.54,False,normal,24.126923076923074,0.10402548618074618,-0.00412087912087914,54.80769230769231,0.3856493793421781,0.004999999999999973,121.17615384615384,2.398132409449996,-0.024659340659340626,0.1578893524089653
2026-10-05 10:19:05+00:00,esp8266-01,24.07,54.23,118.84,False,normal,24.103846153846153,0.07741381923322252,-0.0026263736263736387,54.75692307692308,0.41388189722684715,0.0018241758241757814,121.02692307692307,2.477198742424075,-0.043109890109890046,0.279403599930903
2026-10-05 10:19:10+00:00,esp8266-01,24.01,54.0,117.81,False,normal,24.083076923076927,0.06206505462742063,-0.001890109890109885,54.74923076923077,0.4267490982994943,-0.008219780219780247,120.79846153846155,2.622150750092931,-0.06621978021978016,0.4633336182630629
2026-10-05 10:19:15+00:00,esp8266-01,23.95,54.55,123.3,False,normal,24.064615384615387,0.06319875663509562,-0.0019450549450549367,54.72769230769231,0.4291880320604568,-0.008912087912087967,120.78923076923077,2.6131014921514093,-0.029560439560439505,0.16994234550804477
2026-10-05 10:19:20+00:00,esp8266-01,24.13,54.54,120.05,False,normal,24.071538461538463,0.06502616678576453,-0.001703296703296708,54.70076923076923,0.4291397753012221,-0.00890109890109895,120.7423076923077,2.6204672332830166,-0.03542857142857143,0.14335311607509038
2026-10-05 10:19:25+00:00,esp8266-01,24.32,55.12,123.07,False,normal,24.083846153846153,0.09068444540846539,0.000615384615384614,54.70846153846154,0.43564004467074824,-0.003681318681318714,120.57461538461538,2.3858932060199995,0.014593406593406548,0.1862853192142402
2026-10-05 10:19:30+00:00,esp8266-01,23.87,54.55,121.85,False,normal,24.060769230769232,0.10314004955627103,-0.00013186813186811345,54.706923076923076,0.43616130776417333,-0.005791208791208826,120.70846153846153,2.4048055931464143,0.019428571428571344,0.10278316896439084
2026-10-05 10:19:35+00:00,esp8266-01,24.05,53.94,121.47,False,normal,24.059230769230773,0.10314004955627012,-0.00013186813186810562,54.611538461538466,0.4573476401003304,-0.007208791208791242,120.83999999999999,2.3960801322159293,0.017153846153846106,0.10414871369180881
2026-10-05 10:19:40+00:00,esp8266-01,24.09,54.94,122.17,False,normal,24.06153846153846,0.10346654262983715,7.692307692309285e-05,54.61769230769231,0.46117164910783975,-0.0031318681318681647,121.00538461538461,2.4079439534258635,0.019615384615384562,0.11460651431242462
2026-10-05 10:19:45+00:00,esp8266-01,24.11,55.22,118.25,False,normal,24.065384615384616,0.10426411615289877,0.0003846153846153862,54.65538461538461,0.4880513116878742,0.0017032967032966611,120.97615384615385,2.438711950258023,-0.01682417582417591,0.07123532995645163
2026-10-05 10:19:50+00:00,esp8266-01,24.33,54.6,118.37,True,normal,24.084615384615383,0.12598018065214672,0.0022417582417582176,54.674615384615386,0.4805063896896307,-0.0010109890109890128,120.31000000000002,1.7907712133216016,0.01256043956043952,-0.12823826980270583
2026-10-05 10:19:55+00:00,esp8266-01,24.28,54.28,120.38,False,normal,24.09692307692308,0.13623422225563872,0.0038021978021977915,54.597692307692306,0.4568984712359697,0.0010439560439560783,120.35846153846154,1.783470455013236,0.00871428571428564,-0.11092282875556897
2026-10-05 10:20:00+00:00,esp8266-01,24.04,54.24,123.21,False,normal,24.10307692307692,0.13163963720259308,0.0023736263736263623,54.59307692307693,0.46017362300942866,-0.0036043956043955586,120.63923076923076,1.9179093647408885,0.021373626373626282,-0.19635595580728818
2026-10-05 10:20:05+00:00,esp8266-01,23.86,54.79,121.39,False,normal,24.085384615384616,0.14679212851536286,0.0006703296703296541,54.53846153846154,0.3853439253814885,0.004670329670329725,120.78153846153845,1.899614722693641,0.017868131868131843,-0.2230623233770766
2026-10-05 10:20:10+00:00,esp8266-01,23.86,54.41,121.02,False,normal,24.06923076923077,0.15867051194514,-0.0009340659340659512,54.552307692307686,0.3771584822194397,0.0014505494505494742,120.94923076923078,1.815164589013078,0.004505494505494499,-0.2288912201387144
2026-10-05 10:20:15+00:00,esp8266-01,24.15,55.11,119.85,False,normal,24.08,0.15903555480550577,-0.0008571428571428701,54.637692307692305,0.3679915100641672,0.000879120879120915,121.10615384615386,1.614027635172503,-0.026890109890109887,-0.3457357950477729
2026-10-05 10:20:20+00:00,esp8266-01,24.29,55.63,119.98,False,normal,24.106153846153845,0.16340315699510435,-0.00047252747252749173,54.72076923076923,0.4512966198114881,0.006747252747252795,120.85076923076923,1.5057196671280577,-0.0174395604395604,-0.3183235496620684
2026-10-05 10:20:25+00:00,esp8266-01,24.23,54.98,120.04,False,normal,24.11384615384615,0.16666587771013802,0.0005274725274725085,54.75461538461538,0.45296655309732725,0.007065934065934097,120.85,1.5061310597788844,-0.028945054945054855,-0.3369014823128807
2026-10-05 10:20:30+00:00,esp8266-01,24.0,54.15,122.96,False,normal,24.089230769230767,0.1577954634456016,0.0013626373626373493,54.67999999999999,0.4663277157338571,0.005890109890109905,120.84153846153846,1.4938944775515655,0.002043956043956059,-0.5873689784393942
2026-10-05 10:20:35+00:00,esp8266-01,24.06,55.07,122.65,False,normal,24.103846153846153,0.14510147438883142,-0.0005164835164835269,54.72,0.475669568567886,0.007461538461538468,120.90307692307692,1.5496073180766132,0.021725274725274753,-0.5622386224502224
2026-10-05 10:20:40+00:00,esp8266-01,23.97,54.84,121.29,False,normal,24.097692307692306,0.14890130165020593,-0.0018131868131868194,54.78923076923077,0.4192568799208547,0.002252747252747273,120.88923076923078,1.545277976180514,0.028637362637362704,-0.5569040967032318
2026-10-05 10:20:45+00:00,esp8266-01,24.08,53.78,122.61,False,normal,24.096923076923076,0.14896487016866808,-0.0019890109890109992,54.7,0.4943838434004529,-0.0032417582417582293,120.92307692307692,1.5774438164583715,0.04983516483516491,-0.5519455924048433
2026-10-05 10:20:50+00:00,esp8266-01,24.24,55.22,114.87,False,normal,24.106923076923074,0.1537922982659007,-0.00094505494505496,54.7,0.4943838434004529,0.004186813186813181,120.66307692307693,2.165532034877965,-0.010637362637362535,-0.5735880424724413
2026-10-05 10:20:55+00:00,esp8266-01,24.0,54.59,121.54,False,normal,24.08153846153846,0.14163040491935597,6.59340659340489e-05,54.699230769230766,0.4945465916988667,0.0026923076923077187,120.90692307692308,2.0699624099722516,-0.02249450549450532,-0.5208689821048175
2026-10-05 10:21:00+00:00,esp8266-01,24.16,54.43,119.03,False,normal,24.07230769230769,0.13197632923852812,0.002109890109890112,54.71076923076923,0.48631204826124047,-0.002307692307692278,120.80307692307693,2.1268734171417596,-0.03892307692307678,-0.5591281421881202
2026-10-05 10:21:05+00:00,esp8266-01,23.93,55.62,121.17,False,normal,24.063846153846153,0.13719937550527941,0.0009230769230769268,54.816923076923075,0.5213205807648675,6.593406593409185e-05,120.64615384615385,2.01585842932991,-0.0179890109890109,-0.5651579378100475
2026-10-05 10:21:10+00:00,esp8266-01,24.19,55.26,124.03,False,normal,24.089230769230767,0.1273071113163146,0.0001868131868132043,54.85307692307693,0.5343347354116912,0.0027802197802197894,120.84923076923079,2.2046959027649446,0.010043956043956123,-0.41671958360746014
2026-10-05 10:21:15+00:00,esp8266-01,24.16,55.04,124.95,False,normal,24.11230769230769,0.10962550560559034,-0.0011098901098900882,54.901538461538465,0.5203378511025019,0.0006043956043955856,121.15153846153845,2.4618312325891525,0.038395604395604445,-0.36536140254693195
2026-10-05 10:21:20+00:00,esp8266-01,24.23,55.63,124.93,False,normal,24.11846153846154,0.11373695386526034,-4.39560439560235e-05,54.941538461538464,0.5537403745139909,0.007010989010989006,121.54230769230769,2.622178054877149,0.05329670329670331,-0.21133156698591896
2026-10-05 10:21:25+00:00,esp8266-01,24.07,55.09,121.78,False,normal,24.10153846153846,0.10279525234812913,0.0009560439560439767,54.900000000000006,0.5197484598712055,0.01328571428571432,121.68076923076923,2.58326109207384,0.04284615384615385,-0.1542289436950538
2026-10-05 10:21:30+00:00,esp8266-01,24.05,54.78,124.41,False,normal,24.08769230769231,0.09648864788971806,0.0016043956043956366,54.88461538461539,0.5201126414185118,0.013109890109890126,122.01692307692308,2.631753976739266,0.04821978021978021,-0.1217129411628683
2026-10-05 10:21:35+00:00,esp8266-01,24.08,54.75,121.74,False,normal,24.093846153846155,0.0931944585293614,0.0008791208791209033,54.93076923076923,0.47777467393456974,0.006571428571428568,121.92307692307692,2.618168427958723,0.05364835164835153,-0.09755844326668575
2026-10-05 10:21:40+00:00,esp8266-01,24.05,54.33,120.43,False,normal,24.093076923076925,0.09351138272004053,0.0003296703296703539,54.87384615384615,0.5012989045629395,0.0036813186813186593,121.75230769230771,2.637513846397946,0.04939560439560433,-0.06895584001267427
2026-10-05 10:21:45+00:00,esp8266-01,23.92,54.66,120.39,False,normal,24.089230769230767,0.09934102401950051,-0.0017582417582417285,54.86,0.5045180487737655,0.0020109890109889857,121.68307692307691,2.660452201630357,0.03685714285714282,-0.01329218114385494
2026-10-05 10:21:50+00:00,esp8266-01,24.09,54.84,121.37,False,normal,24.09,0.09930527912214482,-0.0018241758241758087,54.941538461538464,0.39774066065229696,-0.006428571428571422,121.58769230769232,2.647707728020181,0.04192307692307689,-0.010649167348566628
2026-10-05 10:21:55+00:00,esp8266-01,23.82,53.77,121.91,False,normal,24.057692307692307,0.11267064638226633,-0.002450549450549447,54.83,0.49534758581147154,-0.012010989010988996,122.12923076923076,1.803814170620212,-0.007626373626373686,0.4207582671616735
2026-10-05 10:22:00+00:00,esp8266-01,23.93,54.96,119.42,False,normal,24.052307692307693,0.11689270860677235,-0.0037362637362637384,54.85846153846155,0.49135364287536176,-0.01299999999999996,121.96615384615384,1.9403748189125494,-0.030021978021978046,0.47894377614909295
2026-10-05 10:22:05+00:00,esp8266-01,23.92,55.07,120.79,False,normal,24.033846153846152,0.11737765883199863,-0.003780219780219774,54.9076923076923,0.47783411743722426,-0.014901098901098864,122.10153846153845,1.7860521404821335,-0.060362637362637354,0.7032198553633598
2026-10-05 10:22:10+00:00,esp8266-01,24.13,55.05,118.51,False,normal,24.04923076923077,0.11585544962186343,-0.003945054945054953,54.863846153846154,0.4346623528059116,-0.00848351648351649,121.89692307692306,2.0183175957117925,-0.09120879120879119,0.498504564278323
2026-10-05 10:22:15+00:00,esp8266-01,23.93,55.47,120.26,False,normal,24.02923076923077,0.1122128155618262,-0.0036483516483516525,54.879999999999995,0.4526163258893397,-0.0014395604395604732,121.60692307692307,1.9610255739727538,-0.08559340659340656,0.4666267732552209
2026-10-05 10:22:20+00:00,esp8266-01,24.0,54.79,119.04,False,normal,24.016923076923078,0.10578531346249462,-0.002835164835164841,54.860769230769236,0.4507167204910447,-0.0008021978021978534,121.15230769230772,1.8127588572549185,-0.07680219780219774,0.36101897772034774
2026-10-05 10:22:25+00:00,esp8266-01,23.81,55.01,116.81,False,normal,23.98461538461538,0.09973930516129748,-0.0025604395604395744,54.81307692307693,0.39631736729712314,0.006098901098901049,120.52769230769232,1.802392230198282,-0.07637362637362627,0.3128960128229718
2026-10-05 10:22:30+00:00,esp8266-01,23.95,55.03,119.0,False,normal,23.975384615384616,0.09692307692294524,-0.002131868131868149,54.808461538461536,0.3934041991455429,0.009659340659340643,120.31384615384617,1.806039178642788,-0.07681318681318672,0.2863104622529924
2026-10-05 10:22:35+00:00,esp8266-01,24.14,55.33,121.57,False,normal,23.982307692307693,0.10489216779093011,-0.00047252747252748,54.85076923076924,0.4169386883254045,0.012879120879120862,120.09538461538462,1.4299575861628344,-0.037021978021978035,0.29352382781390624
2026-10-05 10:22:40+00:00,esp8266-01,23.98,55.12,120.96,False,normal,23.974615384615387,0.10104190940196903,0.0002637362637362464,54.87923076923077,0.42169003451246734,0.01387912087912085,120.03538461538461,1.3749999462075575,-0.01867032967032979,0.2235045377218333
2026-10-05 10:22:45+00:00,esp8266-01,24.01,55.11,120.76,False,normal,23.97153846153846,0.09929336129675118,0.0010769230769230734,54.939230769230775,0.3938461538461903,0.011175824175824139,120.06076923076922,1.3850601849653013,-0.010857142857142914,0.22405882584238782
2026-10-05 10:22:50+00:00,esp8266-01,24.08,54.42,117.78,False,normal,23.983846153846155,0.10202099795455923,0.0013956043956043912,54.92076923076923,0.41172174207762663,0.0056043956043955595,119.86,1.5066161779604197,-0.02336263736263743,0.10124191154841568
2026-10-05 10:22:55+00:00,esp8266-01,23.94,55.26,121.6,False,normal,23.97230769230769,0.0977558848240122,0.001923076923076927,54.95307692307692,0.4205012506226079,0.007219780219780189,119.8776923076923,1.525476741855012,-0.0002747252747253684,-0.016316157904821636
2026-10-05 10:23:00+00:00,esp8266-01,24.02,54.06,119.1,False,normal,23.987692307692306,0.08780694261602394,0.0010659340659340687,54.97538461538461,0.3605682563061427,-0.007769230769230754,119.66153846153847,1.4174508329762452,0.01023076923076906,0.17555318038098297
2026-10-05 10:23:05+00:00,esp8266-01,23.71,54.62,122.45,False,normal,23.970769230769232,0.11445264647004662,-0.0012087912087912025,54.949230769230766,0.37285719143812956,-0.010230769230769217,119.89461538461539,1.5963931238629545,0.02675824175824161,-0.19069422287954085
2026-10-05 10:23:10+00:00,esp8266-01,23.97,54.71,123.41,False,normal,23.974615384615383,0.11351823876593009,-0.0016043956043955937,54.92153846153846,0.37621283161873104,-0.010879120879120846,120.09615384615384,1.843039039035278,0.05682417582417569,-0.1545197738556896
2026-10-05 10:23:15+00:00,esp8266-01,24.16,55.03,117.22,False,normal,23.976923076923075,0.11690789375092026,0.0008131868131868192,54.919999999999995,0.3757249403077445,-0.009175824175824146,119.99692307692308,1.956973269796501,0.02565934065934056,-0.23670902291873286
2026-10-05 10:23:20+00:00,esp8266-01,24.19,53.98,121.33,False,normal,23.996923076923075,0.1288042411737913,0.0018571428571428703,54.80538461538462,0.4156110493944051,-0.011142857142857135,120.07923076923076,1.9885536357186782,0.03647252747252741,-0.12884798018405
2026-10-05 10:23:25+00:00,esp8266-01,23.85,56.01,120.87,False,normal,23.985384615384614,0.134599999120689,0.0009120879120879336,54.89923076923076,0.5249096851028943,-0.003318681318681322,120.22,1.9747288031913814,0.03369230769230772,-0.1507504049009027
2026-10-05 10:23:30+00:00,esp8266-01,23.99,55.28,119.46,False,normal,23.999230769230767,0.12474352386212229,-0.00040659340659340767,54.919999999999995,0.5341420151118247,4.395604395604302e-05,120.42384615384616,1.7343477535308094,0.0024505494505494703,-0.41214156886825615
2026-10-05 10:23:35+00:00,esp8266-01,23.9,55.91,120.16,False,normal,23.995384615384616,0.1269533763367121,-0.0014395604395604576,54.98769230769231,0.5959756557516042,0.0074175824175824094,120.51307692307691,1.6880183402912499,-0.01024175824175822,-0.43024425407084027
2026-10-05 10:23:40+00:00,esp8266-01,23.94,55.15,119.6,False,normal,23.98,0.12044788212196782,-0.000692307692307699,54.973846153846154,0.5899222694759889,0.011120879120879102,120.36153846153846,1.6747070749782171,-0.00813186813186817,-0.5076471280339319
2026-10-05 10:23:45+00:00,esp8266-01,23.97,55.11,122.19,False,normal,23.979230769230767,0.12047735430106077,-0.0007582417582417713,54.973076923076924,0.5897376811298489,0.013142857142857112,120.45615384615384,1.7393435475291306,0.008527472527472456,-0.49502734860284964
2026-10-05 10:23:50+00:00,esp8266-01,23.86,55.54,120.41,False,normal,23.967692307692307,0.12410627245985105,-0.001307692307692313,55.00615384615384,0.6082577700226562,0.0179340659340659,120.42923076923077,1.7371393883156658,0.01056043956043953,-0.4839755456089639
2026-10-05 10:23:55+00:00,esp8266-01,23.83,55.27,120.32,False,normal,23.948461538461537,0.12458214181471777,-0.0013516483516483795,55.07153846153846,0.5870505960876834,0.015164835164835177,120.62461538461538,1.5622154652170082,-0.010538461538461573,-0.393265963095799
2026-10-05 10:24:00+00:00,esp8266-01,23.94,54.71,118.55,False,normal,23.948461538461537,0.12458214181471777,-0.0014725274725274802,55.02923076923077,0.5917439875027032,0.01423076923076924,120.39000000000001,1.6258441594350561,-0.01671428571428577,-0.3680741729835569
2026-10-05 10:24:05+00:00,esp8266-01,23.86,54.93,123.51,False,normal,23.936153846153847,0.12480991464170045,-0.0015054945054945182,55.09615384615385,0.5236196279676137,0.006120879120879152,120.72923076923077,1.774565869070102,-0.006065934065934093,-0.38156649798092673
2026-10-05 10:24:10+00:00,esp8266-01,23.89,55.2,118.74,False,normal,23.949999999999996,0.10777469376136371,-0.0035494505494505497,55.14076923076924,0.5055455779264548,0.003142857142857181,120.44384615384615,1.7732045674060524,-0.005945054945054957,-0.22794368794998038
2026-10-05 10:24:15+00:00,esp8266-01,23.85,55.48,120.44,False,normal,23.94076923076923,0.11076388875993935,-0.004054945054945053,55.2,0.49663482947353327,0.002065934065934092,120.21538461538461,1.554119168703735,0.01684615384615383,-0.2916466803582998
2026-10-05 10:24:20+00:00,esp8266-01,24.08,55.07,120.08,False,normal,23.934615384615384,0.10012418324747913,-0.0014505494505494586,55.20307692307692,0.49569507710638755,-9.89010989010558e-05,120.43538461538462,1.295421614673454,-0.007087912087912091,0.0016469119171914012
2026-10-05 10:24:25+00:00,esp8266-01,24.03,55.03,120.01,False,normal,23.922307692307694,0.07454000950978311,0.0011428571428571536,55.283846153846156,0.3555610617588952,-0.010648351648351614,120.33384615384617,1.2728558952911242,-0.0030109890109889584,-0.22904987980013247
2026-10-05 10:24:30+00:00,esp8266-01,24.02,55.46,119.01,False,normal,23.935384615384613,0.0756119022593839,0.0012307692307692514,55.24153846153846,0.29403940483834534,-0.0039010989010988747,120.19076923076923,1.3085838589773942,-0.007615384615384467,-0.27113396813482415
2026-10-05 10:24:35+00:00,esp8266-01,23.83,55.13,118.93,False,normal,23.923076923076923,0.07867993736872153,0.0009560439560439572,55.230000000000004,0.2952443577264173,-0.004340659340659289,120.14999999999999,1.3386273106891655,-0.021549450549450375,-0.1332894665062495
2026-10-05 10:24:40+00:00,esp8266-01,23.99,55.1,123.56,False,normal,23.93,0.08028794334221113,0.0012197802197802035,55.167692307692306,0.22139952908562732,3.296703296706545e-05,120.41153846153847,1.6180180000607431,0.0010109890109891847,0.013263892217734248
2026-10-05 10:24:45+00:00,esp8266-01,23.85,54.45,118.15,False,normal,23.923076923076923,0.08296288469341936,0.0007692307692307763,55.113846153846154,0.29277290914871695,-0.004835164835164802,120.29999999999998,1.7170636832416952,-0.02014285714285697,0.1087541570919623
2026-10-05 10:24:50+00:00,esp8266-01,23.98,55.15,117.87,False,normal,23.923846153846153,0.08343938025586069,0.0015054945054945104,55.11692307692307,0.2929264705686489,-0.004626373626373619,119.96769230769232,1.737045032170092,-0.021626373626373447,-0.01182713743204669
2026-10-05 10:24:55+00:00,esp8266-01,24.15,55.59,115.34,False,normal,23.946153846153848,0.10042513181749975,0.0025054945054944987,55.120769230769234,0.29872708250596913,0.0017472527472527587,119.5776923076923,2.1207370048609886,-0.04873626373626357,-0.33500288312877047
2026-10-05 10:25:00+00:00,esp8266-01,24.0,54.82,117.35,False,normal,23.95923076923077,0.09539081865670303,0.0019670329670329503,55.08615384615385,0.30542627113696574,0.0009120879120879336,119.34923076923079,2.1873920598896746,-0.05771428571428567,-0.3400528009930763
2026-10-05 10:25:05+00:00,esp8266-01,23.87,54.95,121.46,False,normal,23.953846153846158,0.09825699908807536,0.001230769230769232,55.104615384615386,0.2889401158243446,-0.002879120879120845,119.57307692307691,2.242355851178262,-0.04994505494505498,-0.38769404488383624
2026-10-05 10:25:10+00:00,esp8266-01,24.02,55.57,121.56,False,normal,23.966153846153848,0.09571901680172054,0.0009450549450549405,55.15384615384615,0.30883250281171104,-0.001153846153846135,119.42307692307692,2.029059595043094,-0.006560439560439562,-0.23191281558155546
2026-10-05 10:25:15+00:00,esp8266-01,24.04,54.69,122.43,False,normal,23.977692307692312,0.09488080345296508,0.0008461538461538418,55.114615384615384,0.3320012832370506,-0.003857142857142847,119.70692307692306,2.167055374023153,0.008010989010989003,-0.1713804521710577
2026-10-05 10:25:20+00:00,esp8266-01,23.98,54.81,120.42,False,normal,23.987692307692306,0.08745582147596272,-0.00012087912087910854,55.06307692307692,0.3231666542057979,-0.003054945054945064,119.70538461538462,2.1665414316711593,0.01835164835164831,-0.1472227037019017
2026-10-05 10:25:25+00:00,esp8266-01,24.0,55.16,116.31,False,normal,23.98153846153846,0.08346774170481022,0.0006703296703296736,55.07000000000001,0.3242031651722885,-0.002362637362637408,119.41538461538461,2.342183778457781,-0.0011538461538462288,-0.18186711787980359
2026-10-05 10:25:30+00:00,esp8266-01,23.96,54.61,119.59,False,normal,23.976153846153846,0.08241904760587043,0.000901098901098921,55.03769230769231,0.3467243162504251,-0.005703296703296755,119.38307692307693,2.3366490951964947,0.004571428571428521,-0.19853280387026806
2026-10-05 10:25:35+00:00,esp8266-01,23.73,55.65,118.17,False,normal,23.95384615384615,0.10396289734150498,-0.00038461538461536277,55.0523076923077,0.36759412915200157,0.0015824175824175175,119.31846153846153,2.357592794988567,-0.006296703296703332,-0.06302648608583429
2026-10-05 10:25:40+00:00,esp8266-01,23.76,54.5,118.57,False,normal,23.94846153846154,0.11175840383780178,-0.002615384615384595,55.00384615384616,0.39468660326001775,-0.0014615384615385143,119.29076923076924,2.364098336944831,-0.01421978021978028,-0.030798774156328316
2026-10-05 10:25:45+00:00,esp8266-01,23.88,54.79,120.09,False,normal,23.94,0.11245511925263126,-0.0027472527472527475,54.980000000000004,0.3975114899162206,-0.002131868131868184,119.02384615384615,2.040789961911512,0.023890109890109854,-0.12307838256745614
2026-10-05 10:25:50+00:00,esp8266-01,24.06,55.33,118.51,False,normal,23.956153846153846,0.11344524002874273,-0.0026483516483516486,55.04769230769231,0.3758304414361543,-0.003901098901098945,119.05153846153847,2.0311642972360953,0.013780219780219803,-0.17136262413749245
2026-10-05 10:25:55+00:00,esp8266-01,24.05,55.24,118.62,False,normal,23.96153846153846,0.11607995612072937,-0.001846153846153838,55.05461538461539,0.3784709192083675,-0.001846153846153885,119.10923076923078,2.007296158971622,0.0018461538461539161,-0.17486597670758985
2026-10-05 10:26:00+00:00,esp8266-01,24.02,54.67,116.91,False,normal,23.951538461538462,0.10442856622475648,-1.0989010989016611e-05,54.98384615384615,0.35715841048132124,-0.00026373626373626594,119.23,1.814895631667536,-0.041648351648351595,0.02751790524905158
2026-10-05 10:26:05+00:00,esp8266-01,23.91,55.41,114.82,False,normal,23.944615384615382,0.10396858879292192,8.791208791208214e-05,55.02923076923077,0.3706846376527479,0.0012857142857142642,119.03538461538461,2.1166250908339146,-0.08518681318681322,0.11345619054840606
2026-10-05 10:26:10+00:00,esp8266-01,23.98,54.56,118.23,False,normal,23.95307692307692,0.10200939740893926,-0.0002527472527472493,54.99923076923077,0.3911022203281287,-0.002417582417582397,118.78692307692307,2.0040089997317025,-0.07184615384615392,0.18976916173209418
2026-10-05 10:26:15+00:00,esp8266-01,24.04,55.37,119.69,False,normal,23.954615384615387,0.10315152294737265,0.0008351648351648291,54.98384615384616,0.37180512806370253,0.0044175824175824285,118.64307692307692,1.8618699641256757,-0.044560439560439646,0.16025696289090816
2026-10-05 10:26:20+00:00,esp8266-01,23.8,55.77,117.92,False,normal,23.936153846153843,0.10759886055562391,0.0004725274725274644,55.066923076923075,0.41501407974979576,0.007340659340659364,118.29615384615386,1.5110543362501272,-0.02019780219780224,0.04982289853039156
2026-10-05 10:26:25+00:00,esp8266-01,23.91,54.74,120.16,False,normal,23.930769230769233,0.10701987870409051,0.0006373626373626316,55.06153846153846,0.4187499006447374,0.0032087912087912654,118.27615384615386,1.4842949036315072,0.008428571428571369,-0.018382975217386265
2026-10-05 10:26:30+00:00,esp8266-01,23.97,55.56,118.77,False,normal,23.92846153846154,0.105818869470727,0.0014285714285714138,55.092307692307685,0.4390576245018146,0.007252747252747301,118.46538461538464,1.3743060648061787,-0.0034395604395605125,0.06517002543471104
2026-10-05 10:26:35+00:00,esp8266-01,24.02,54.55,116.98,False,normal,23.93307692307692,0.10837148470974085,0.0022747252747252634,55.08769230769231,0.44438641961795866,-3.296703296701079e-05,118.26461538461538,1.385943807189206,-0.0045824175824175995,-0.01853190063270149
2026-10-05 10:26:40+00:00,esp8266-01,23.95,55.28,118.41,False,normal,23.950000000000003,0.09114654303737212,0.0008241758241758125,55.059230769230766,0.4185590949631466,0.005560439560439579,118.28307692307693,1.3861589686577271,-0.004351648351648376,-0.03470389834942305
2026-10-05 10:26:45+00:00,esp8266-01,23.81,54.66,115.19,False,normal,23.95384615384615,0.08380733046115403,-0.0015604395604395661,55.07153846153846,0.404034388365999,-0.0013736263736263815,118.02307692307691,1.6073072781488436,-0.02253846153846162,0.25328796045081325
2026-10-05 10:26:50+00:00,esp8266-01,23.82,55.73,120.44,False,normal,23.949230769230766,0.08922413768444754,-0.003010989010989017,55.143846153846155,0.4304298113342684,0.0008021978021977676,118.05000000000001,1.6442112909326703,0.009296703296703228,0.1438276781939701
2026-10-05 10:26:55+00:00,esp8266-01,23.98,55.07,117.05,False,normal,23.943076923076923,0.08397660987374636,-0.001956043956043965,55.12384615384615,0.42734490594728936,0.001747252747252704,117.93769230769232,1.658753720515842,0.006241758241758202,0.10138434046022642
2026-10-05 10:27:00+00:00,esp8266-01,23.98,55.07,116.33,False,normal,23.93769230769231,0.07904758509928429,-0.0008901098901098887,55.11076923076923,0.4261899457079297,0.0022857142857142603,117.76153846153845,1.6980706071839142,0.0008901098901098926,0.022319109934806944
2026-10-05 10:27:05+00:00,esp8266-01,24.04,54.82,115.47,False,normal,23.939230769230768,0.08080951376392842,0.0004175824175824126,55.12230769230769,0.4160095014846273,-0.00302197802197803,117.65076923076923,1.7942491960467717,-0.020769230769230776,-0.0653574327161565
2026-10-05 10:27:10+00:00,esp8266-01,23.83,54.73,117.67,False,normal,23.93307692307692,0.0856993506287742,-0.0005274725274725397,55.07000000000001,0.41928510586477885,-0.0033956043956044463,117.86999999999999,1.598403049200046,-0.04241758241758244,-0.10697635525909513
2026-10-05 10:27:15+00:00,esp8266-01,23.78,55.05,120.11,False,normal,23.91769230769231,0.09349239756436477,-0.0011758241758241723,55.107692307692304,0.39294066583130405,-0.007450549450549499,118.01461538461538,1.7058659672508134,-0.024879120879120864,-0.25146319840311554
2026-10-05 10:27:20+00:00,esp8266-01,24.01,55.07,119.21,False,normal,23.915384615384614,0.09077574943979583,0.0003736263736263852,55.084615384615375,0.38559874290846086,-0.005681318681318738,117.97769230769231,1.674102073195953,-0.004109890109890136,-0.31233244854530906
2026-10-05 10:27:25+00:00,esp8266-01,23.94,55.36,118.17,False,normal,23.92615384615385,0.08453842654141298,-0.00035164835164832464,55.053076923076915,0.34262301811818774,0.0014065934065933766,117.99692307692308,1.6747646659725752,-0.0032857142857142647,-0.3377515281995883
2026-10-05 10:27:30+00:00,esp8266-01,24.0,54.45,120.94,False,normal,23.93307692307692,0.08659229095040602,1.0989010989040035e-05,55.03076923076923,0.3705808650144091,-0.004978021978021964,118.05692307692308,1.7628402982571798,0.03275824175824176,-0.18885882760137443
2026-10-05 10:27:35+00:00,esp8266-01,23.9,55.55,120.55,False,normal,23.927692307692304,0.08630481278600362,7.692307692308895e-05,55.03,0.36949029340851597,0.002516483516483539,118.19384615384615,1.8782583522693372,0.054681318681318654,-0.2249212817205407
2026-10-05 10:27:40+00:00,esp8266-01,23.97,54.59,119.44,False,normal,23.923846153846153,0.08316234924127829,0.0010659340659340687,55.03307692307692,0.3656266404909803,-0.004076923076923039,118.38307692307691,1.8703368047796411,0.05356043956043957,-0.14824322101757914
2026-10-05 10:27:45+00:00,esp8266-01,23.8,54.69,120.7,False,normal,23.912307692307692,0.08893851343238925,0.00045054945054945464,54.98769230769231,0.36876412820195853,-0.0044395604395604,118.55923076923077,1.9697733627479652,0.06904395604395606,-0.2463176414317171
2026-10-05 10:27:50+00:00,esp8266-01,23.77,55.4,118.9,False,normal,23.909230769230767,0.093022870509542,-0.0012747252747252827,55.04461538461539,0.3708952865830231,-0.004241758241758225,118.84461538461538,1.7129758873178147,0.04537362637362644,-0.45510748054402417
2026-10-05 10:27:55+00:00,esp8266-01,23.73,54.98,122.63,False,normal,23.902307692307694,0.10229323206062053,-0.003142857142857146,54.98692307692308,0.31372169477927075,0.0006043956043955856,119.01307692307691,1.952526507710796,0.08260439560439563,-0.5637189037631495
2026-10-05 10:28:00+00:00,esp8266-01,23.92,54.91,124.89,False,normal,23.897692307692303,0.10001183361917143,-0.002428571428571418,54.97461538461538,0.3133593509698817,0.0007362637362637069,119.61615384615385,2.4101884333021313,0.10625274725274726,-0.3736946332685398
2026-10-05 10:28:05+00:00,esp8266-01,23.75,55.2,120.98,False,normal,23.880000000000003,0.1041448695141282,-0.002769230769230757,54.98461538461538,0.318279397932004,0.0029560439560439612,119.97384615384615,2.2346073083396396,0.08996703296703303,-0.33704661670537733
2026-10-05 10:28:10+00:00,esp8266-01,24.07,55.11,119.23,False,normal,23.882307692307695,0.1079283128285645,-0.0002857142857142796,55.00692307692307,0.31611547586739963,0.002516483516483531,120.26307692307692,1.8417440923686652,0.0504175824175825,-0.1737911233548939
2026-10-05 10:28:15+00:00,esp8266-01,23.79,54.71,115.36,False,normal,23.87923076923077,0.10992735632498365,-0.001296703296703312,55.005384615384614,0.3175050668188672,-0.0015714285714285633,120.08538461538461,2.1662076588594887,-0.0018571428571427734,-0.04498150533920632
2026-10-05 10:28:20+00:00,esp8266-01,24.04,55.82,119.88,False,normal,23.89923076923077,0.11364327036552567,-0.0010000000000000159,55.06461538461539,0.3849598457505344,0.004142857142857138,120.06769230769231,2.1668735146293376,-0.0030219780219779752,-0.05161192636127525
2026-10-05 10:28:25+00:00,esp8266-01,23.77,55.16,123.52,False,normal,23.88076923076923,0.1136432703655139,-0.001000000000000008,55.07153846153846,0.3858027824968189,0.004813186813186793,120.39923076923077,2.3335890533301322,0.013142857142857121,-0.12669618186887122
2026-10-05 10:28:30+00:00,esp8266-01,23.58,55.72,119.2,False,normal,23.85307692307692,0.13724680830711342,-0.002527472527472536,55.09923076923077,0.41716002350074577,0.011307692307692283,120.47846153846152,2.273262129640775,-0.0119120879120879,0.020823986083052585
2026-10-05 10:28:35+00:00,esp8266-01,23.97,55.46,118.88,False,normal,23.85076923076923,0.1349906856307399,-0.0006263736263736385,55.176923076923075,0.3815431141156203,0.008692307692307704,120.32000000000001,2.3071127477366513,-0.018901098901098937,-0.04322371334569047
2026-10-05 10:28:40+00:00,esp8266-01,23.88,56.76,118.37,False,normal,23.849230769230772,0.1345340413574947,-5.494505494507915e-05,55.269999999999996,0.5647872301891008,0.021999999999999985,120.15230769230769,2.3628540559968036,-0.029989010989011012,-0.05969199363721713
2026-10-05 10:28:45+00:00,esp8266-01,23.86,55.67,116.02,False,normal,23.840769230769233,0.130056883321735,0.0009450549450549132,55.35307692307693,0.5374209725859403,0.01940659340659344,119.88923076923078,2.605451272114036,-0.06271428571428578,-0.05314072717657881
2026-10-05 10:28:50+00:00,esp8266-01,23.9,55.6,120.34,False,normal,23.848461538461535,0.13037497127919528,0.0010219780219779904,55.42307692307692,0.504767800621688,0.015934065934065975,119.86153846153846,2.598590878959733,-0.05350549450549453,-0.038955063470197726
2026-10-05 10:28:55+00:00,esp8266-01,23.67,55.19,116.38,True,normal,23.840769230769233,0.13753106158015116,-0.0007582417582417752,55.40692307692307,0.5085936055647747,0.014219780219780242,119.66769230769229,2.7525209531687183,-0.08385714285714287,0.07212062084361645
2026-10-05 10:29:00+00:00,esp8266-01,23.92,55.5,120.09,False,normal,23.855384615384615,0.13505642038180915,-0.0010879120879120862,55.44692307692307,0.4936735859528396,0.011549450549450556,119.4723076923077,2.6223833957977805,-0.05828571428571432,0.16368477316833097
2026-10-05 10:29:05+00:00,esp8266-01,23.7,55.12,118.47,False,normal,23.83846153846154,0.13960637817935492,-0.0016153846153846025,55.46307692307692,0.4790597299420529,0.005263736263736231,118.97846153846154,2.1100924010166136,-0.023219780219780245,0.11768139875076812
2026-10-05 10:29:10+00:00,esp8266-01,23.82,55.47,115.22,False,normal,23.84384615384615,0.1374234590619348,-0.002417582417582397,55.48384615384615,0.4730187581504717,0.0032857142857142725,118.53538461538461,2.243796972114595,-0.03260439560439561,0.18164422626691462
2026-10-05 10:29:15+00:00,esp8266-01,23.93,56.09,121.69,False,normal,23.833076923076923,0.12412057508615197,-0.00010989010989008413,55.559230769230766,0.4853620621361338,0.00440659340659342,118.72461538461538,2.3931588888862474,-0.006461538461538441,0.22512239502746872
2026-10-05 10:29:20+00:00,esp8266-01,23.97,55.4,118.67,False,normal,23.846923076923076,0.12850528964759253,0.00046153846153847904,55.612307692307695,0.4233593462943445,-0.0031758241758241606,118.97923076923077,2.18901615251601,-0.03270329670329667,0.18350757791256345
2026-10-05 10:29:25+00:00,esp8266-01,23.89,55.1,117.51,False,normal,23.835384615384616,0.11685726892979023,0.0022307692307692514,55.55692307692308,0.4393594045774212,-0.004956043956043922,118.79692307692306,2.2050375354047875,-0.035461538461538405,0.12135618489906826
2026-10-05 10:29:30+00:00,esp8266-01,23.8,55.19,119.39,False,normal,23.837692307692308,0.11583501836337956,0.0014945054945055213,55.559230769230766,0.437342702069382,-0.010428571428571431,118.47923076923077,1.7528151490517085,0.004780219780219805,0.26667197950216703
2026-10-05 10:29:35+00:00,esp8266-01,23.81,54.02,118.26,False,normal,23.855384615384615,0.0897531130475847,-0.0006703296703296619,55.428461538461534,0.5953388970720317,-0.019340659340659327,118.40692307692309,1.7409386708384915,0.008879120879120956,0.4491264715788007
2026-10-05 10:29:40+00:00,esp8266-01,23.71,55.69,114.47,False,normal,23.835384615384616,0.09094507087860175,-0.0007472527472527392,55.44615384615385,0.5994168764024395,-0.017373626373626366,118.06769230769231,2.0225808107698,-0.013439560439560412,0.5613177107605445
2026-10-05 10:29:45+00:00,esp8266-01,23.56,56.16,118.93,False,normal,23.810769230769232,0.11552299394548128,-0.002219780219780227,55.400000000000006,0.5134049234129833,-0.00256043956043959,118.11076923076924,2.034489017451244,-0.005428571428571332,0.36168576636569305
2026-10-05 10:29:50+00:00,esp8266-01,23.8,54.74,119.0,False,normal,23.806153846153844,0.11465925851007248,-0.0019120879120879182,55.32846153846154,0.5351325666649277,-0.004835164835164833,118.33999999999999,1.952221614153683,-0.015648351648351596,0.41657449995677337
2026-10-05 10:29:55+00:00,esp8266-01,23.62,55.92,119.26,False,normal,23.784615384615385,0.12112392792964465,-0.0024175824175824284,55.35307692307692,0.5540811467283775,0.001153846153846182,118.25692307692307,1.8872421254932434,0.005802197802197897,0.2792988335691913
2026-10-05 10:30:00+00:00,esp8266-01,23.91,56.08,115.18,False,normal,23.803076923076922,0.1205362770405209,-0.0024725274725274724,55.42153846153846,0.5838841580821053,0.004692307692307696,118.16461538461539,2.0026083582882466,-0.02892307692307684,0.08005511435010591
2026-10-05 10:30:05+00:00,esp8266-01,23.85,55.44,117.74,False,normal,23.79769230769231,0.11669512191706229,-0.0012637362637362426,55.41692307692308,0.5834827084035944,0.005417582417582409,117.98384615384614,1.9252194219061738,-0.016912087912087866,-0.002220280954235618
2026-10-05 10:30:10+00:00,esp8266-01,23.71,55.48,119.87,False,normal,23.798461538461538,0.11607995612062384,-0.0025934065934065734,55.44461538461538,0.5772429882256698,0.003549450549450507,118.09153846153846,1.987549113679833,-0.0007362637362636913,-0.04183297766282588
2026-10-05 10:30:15+00:00,esp8266-01,23.83,55.88,117.37,False,normal,23.799230769230768,0.11625314146016268,-0.0022197802197802116,55.47615384615384,0.5888520574492483,0.006615384615384587,118.25692307692307,1.8244889046834938,-0.02758241758241755,-0.03192605227436047
2026-10-05 10:30:20+00:00,esp8266-01,23.72,55.3,118.46,False,normal,23.783076923076923,0.1114508940076024,-0.0017362637362637384,55.41538461538461,0.5625438838898276,0.010175824175824157,118.00846153846155,1.537394630054446,0.00016483516483510862,-0.27171539776064424
2026-10-05 10:30:25+00:00,esp8266-01,23.72,55.57,114.09,False,normal,23.763846153846153,0.09833525555542219,-0.0007142857142857323,55.428461538461534,0.5640082671768782,0.011076923076923059,117.65615384615384,1.8403533877262475,-0.020582417582417634,-0.2422001901646146
2026-10-05 10:30:30+00:00,esp8266-01,23.88,55.7,121.19,False,normal,23.76307692307692,0.0973798759325012,0.001021978021978002,55.47461538461539,0.559774891357379,0.01034065934065936,117.93923076923078,2.065368142034176,0.001593406593406534,-0.05280643661684502
2026-10-05 10:30:35+00:00,esp8266-01,23.67,54.48,122.27,False,normal,23.753076923076925,0.09972150569544345,0.0006923076923076912,55.42,0.6166285504506314,0.001593406593406581,118.16076923076922,2.3446746913556202,0.041307692307692205,-0.18618664730771828
2026-10-05 10:30:40+00:00,esp8266-01,23.52,55.42,114.45,False,normal,23.73076923076923,0.11565609089401754,-0.0004065934065934194,55.527692307692305,0.46675893706016236,-0.009175824175824146,117.86769230769231,2.5436320302522066,0.017604395604395535,0.05447173830101932
2026-10-05 10:30:45+00:00,esp8266-01,23.77,55.95,119.79,False,normal,23.735384615384614,0.11593203477179921,-0.00030769230769231676,55.54769230769231,0.4787026352735511,-0.0051428571428571036,118.27692307692307,2.387220413320629,0.004142857142857091,0.05242492083532035
2026-10-05 10:30:50+00:00,esp8266-01,23.69,55.3,121.19,False,normal,23.745384615384616,0.10551087327208836,-0.001956043956043965,55.48153846153846,0.44794996550699506,-0.0020659340659340687,118.45076923076924,2.507700330331587,0.028373626373626334,0.04312807597633921
2026-10-05 10:30:55+00:00,esp8266-01,23.88,55.04,116.94,False,normal,23.751538461538466,0.11072114340799771,-0.0006483516483516599,55.50461538461538,0.41572208513752706,-0.010681318681318672,118.2923076923077,2.5329464564966346,0.02263736263736257,-0.019843374273081745
2026-10-05 10:31:00+00:00,esp8266-01,23.77,55.52,119.73,False,normal,23.763076923076923,0.10402548618050646,-0.0015384615384615447,55.47384615384616,0.39827587001868114,-0.007384615384615337,118.32846153846154,2.549798924663,0.039560439560439545,0.02205850450226034
2026-10-05 10:31:05+00:00,esp8266-01,23.71,55.23,124.4,False,normal,23.747692307692304,0.09560767961993226,-0.0007582417582417557,55.40846153846154,0.36146807825548183,-0.004329670329670312,119.03769230769231,2.8410565581951306,0.05537362637362643,0.10144879099356555
2026-10-05 10:31:10+00:00,esp8266-01,23.94,55.72,115.72,False,normal,23.75461538461538,0.1055108732720942,0.0012967032967033199,55.43,0.3709240021684975,-0.0020329670329670346,118.88230769230769,2.960509711431281,0.023516483516483524,-0.03276198100316177
2026-10-05 10:31:15+00:00,esp8266-01,23.95,55.67,117.93,False,normal,23.773076923076925,0.11651243679941778,0.0022417582417582683,55.44461538461538,0.3763103339741058,-6.593406593407624e-05,118.73307692307692,2.955853084241658,0.024835164835164902,-0.0534323887203549
2026-10-05 10:31:20+00:00,esp8266-01,23.79,55.31,121.76,False,normal,23.77,0.11549225748250556,0.002791208791208802,55.400769230769235,0.3556675530380871,0.0023956043956044185,119.07076923076923,3.0306598965049982,0.034307692307692435,-0.02129562311571942
2026-10-05 10:31:25+00:00,esp8266-01,23.87,55.0,120.18,False,normal,23.78153846153846,0.11739782161801562,0.0030659340659340765,55.37769230769231,0.3708649732752353,-0.0010219780219780216,119.20307692307694,3.0386418641718707,0.03692307692307703,-0.007840781335449522
2026-10-05 10:31:30+00:00,esp8266-01,23.66,54.45,115.67,False,normal,23.77692307692308,0.12085494263665043,0.001791208791208794,55.291538461538465,0.4398574271432531,-0.0056593406593406425,119.32461538461538,2.8579245169140477,-0.025703296703296595,0.01908289798713795
2026-10-05 10:31:35+00:00,esp8266-01,23.93,54.99,117.84,False,normal,23.780769230769234,0.1248051736142857,0.003593406593406585,55.23692307692307,0.4297116137666931,-0.00450549450549446,119.06692307692309,2.8289937994204624,-0.02114285714285706,-0.06992870163686704
2026-10-05 10:31:40+00:00,esp8266-01,23.78,55.66,118.0,False,normal,23.78923076923077,0.12066874800671665,0.002736263736263746,55.32769230769231,0.3822434553679951,-0.007538461538461546,118.73846153846155,2.682102637151055,-0.0035384615384615216,0.01682384755083057
2026-10-05 10:31:45+00:00,esp8266-01,23.64,55.12,117.58,False,normal,23.798461538461538,0.10301950180148799,-0.00031868131868130993,55.30461538461539,0.38501978739599246,-0.008197802197802214,118.97923076923077,2.413348970712177,-0.04416483516483517,-0.2907767157108528
2026-10-05 10:31:50+00:00,esp8266-01,23.4,55.95,117.13,False,normal,23.77,0.14816830347206528,-0.0031648351648351715,55.30461538461538,0.38501978739599246,0.001021978021978045,118.77461538461537,2.4484425674123527,-0.050120879120879154,-0.05419662814004976
2026-10-05 10:31:55+00:00,esp8266-01,24.04,56.08,121.2,False,normal,23.796923076923072,0.16230951511902256,-0.0020000000000000044,55.364615384615384,0.43690547093463394,0.006098901098901088,118.77538461538461,2.4492027443312794,-0.015549450549450599,0.1145955135752081
2026-10-05 10:32:00+00:00,esp8266-01,23.88,55.16,121.03,False,normal,23.79692307692308,0.16230951511902256,-0.0008131868131868309,55.37384615384615,0.43117974944497545,0.0022527472527472106,119.08999999999999,2.4559128022605674,-0.014802197802197898,0.17985215116907938
2026-10-05 10:32:05+00:00,esp8266-01,23.87,55.28,120.03,False,normal,23.80461538461538,0.16321837116678653,-0.0005384615384615523,55.35538461538461,0.42966203864862296,0.0027582417582417483,119.11307692307695,2.463216735569608,-0.0036813186813187686,0.1943185461767826
2026-10-05 10:32:10+00:00,esp8266-01,23.53,55.21,120.24,False,normal,23.790769230769232,0.17765400852642962,-0.003076923076923078,55.353846153846156,0.4301437767062572,0.0008351648351648096,118.79307692307692,1.9780308180509698,0.04441758241758231,0.2514672181632433
2026-10-05 10:32:15+00:00,esp8266-01,23.62,54.94,115.19,False,normal,23.76615384615385,0.17744071432603956,-0.0030549450549450406,55.29384615384616,0.4292845293050474,0.0009230769230768722,118.7523076923077,2.0452690394631716,-0.0029780219780221272,0.468349015207231
2026-10-05 10:32:20+00:00,esp8266-01,23.83,55.67,120.66,False,normal,23.756923076923076,0.17062710648486645,-0.001219780219780223,55.29384615384616,0.4292845293050474,0.0062967032967032694,118.96230769230769,2.089726348835512,0.0032747252747251385,0.5410168219411696
2026-10-05 10:32:25+00:00,esp8266-01,23.93,55.06,117.45,False,normal,23.767692307692307,0.17668545916184972,0.00017582417582416427,55.27461538461538,0.4337070153317695,0.004879120879120884,118.63076923076923,1.9572644235432892,0.01482417582417574,0.48934350854299097
2026-10-05 10:32:30+00:00,esp8266-01,23.61,55.27,119.76,False,normal,23.74769230769231,0.17867692572608088,-7.692307692308504e-05,55.29538461538462,0.4264633699595126,0.002736263736263762,118.59846153846154,1.934762343401222,0.034186813186813186,0.412756250244987
2026-10-05 10:32:35+00:00,esp8266-01,23.82,55.36,115.5,False,normal,23.759999999999998,0.17772061046642315,-0.00027472527472527863,55.36538461538461,0.34973870212400526,-0.003340659340659301,118.58538461538463,1.9549802886458172,-0.008769230769230758,0.3046898744970563
2026-10-05 10:32:40+00:00,esp8266-01,23.79,55.31,121.23,False,normal,23.74923076923077,0.1712156327539915,0.0012307692307692202,55.38999999999999,0.33332820508886485,-0.006593406593406523,118.84615384615384,2.061360784536104,0.0029340659340659986,0.3528109859145414
2026-10-05 10:32:45+00:00,esp8266-01,23.74,55.29,116.29,False,normal,23.746153846153845,0.17099430766659712,0.0014065934065933961,55.36153846153846,0.32474477916927846,-0.005175824175824138,118.71461538461539,2.1632013860678825,-0.020428571428571324,0.34586326776807724
2026-10-05 10:32:50+00:00,esp8266-01,23.8,54.84,120.49,False,normal,23.75846153846154,0.1686528593952413,0.0009450549450549483,55.339999999999996,0.34846917974311264,-0.010472527472527434,118.93846153846154,2.1846663049319375,-0.0174505494505494,0.3345550022724807
2026-10-05 10:32:55+00:00,esp8266-01,24.05,55.6,117.71,False,normal,23.808461538461536,0.15032509150518764,0.00010989010989011145,55.31307692307693,0.3119019721591272,-0.004065934065934007,118.98307692307694,2.1529707012024875,-0.03946153846153849,0.13477745237414737
2026-10-05 10:33:00+00:00,esp8266-01,23.8,55.7,116.57,False,normal,23.790000000000003,0.13467910579747605,0.001835164835164837,55.283846153846156,0.2504008620513146,0.004384615384615442,118.62692307692308,2.1396958253106155,-0.03831868131868137,-0.0030163576013775796
2026-10-05 10:33:05+00:00,esp8266-01,23.93,56.37,116.4,False,normal,23.793846153846154,0.13787053355817291,0.0034505494505494435,55.376923076923084,0.3789537137432928,0.010593406593406594,118.27076923076923,2.094925963584148,-0.03451648351648351,-0.1389001944435667
2026-10-05 10:33:10+00:00,esp8266-01,23.76,56.12,117.0,False,normal,23.78538461538462,0.13630369850006904,0.0038131868131868235,55.441538461538464,0.4256550816339252,0.014747252747252727,118.0376923076923,2.05439548977355,-0.029362637362637344,-0.1752991763210504
2026-10-05 10:33:15+00:00,esp8266-01,23.74,54.96,117.53,False,normal,23.801538461538463,0.11601366987377264,0.0015494505494505575,55.42230769230769,0.4410503869027379,0.009791208791208771,117.82923076923079,1.9554596608487271,-0.01576923076923078,-0.0030125707419528585
2026-10-05 10:33:20+00:00,esp8266-01,23.82,55.39,116.17,False,normal,23.81692307692308,0.10350656726703397,0.00027472527472529424,55.456923076923076,0.41894344423505364,0.005868131868131825,117.90461538461538,1.869251661801442,-0.04701098901098903,-0.21219282184954888
2026-10-05 10:33:25+00:00,esp8266-01,23.6,55.8,115.7,False,normal,23.799230769230768,0.11835159733465059,-0.0010549450549450364,55.46692307692308,0.42541173929390835,0.009769230769230707,117.52307692307691,1.7715503189421014,-0.04035164835164838,-0.06577105169357009
2026-10-05 10:33:30+00:00,esp8266-01,23.79,55.51,116.24,False,normal,23.78846153846154,0.11217062236011754,-0.00010989010989009974,55.50153846153846,0.40887925909831396,0.006923076923076857,117.42999999999999,1.8044261819629308,-0.049373626373626425,-0.06495019523867747
2026-10-05 10:33:35+00:00,esp8266-01,23.63,55.54,115.78,False,normal,23.79,0.10982503567713833,-0.002527472527472528,55.52230769230769,0.4034114876927082,0.005395604395604345,117.12384615384615,1.7187318153958393,-0.04232967032967033,0.20885315880229777
2026-10-05 10:33:40+00:00,esp8266-01,23.59,55.5,116.69,False,normal,23.772307692307688,0.12147515391097756,-0.0036153846153846145,55.53307692307692,0.40079506782221036,0.003999999999999946,117.21538461538461,1.6605125037612265,-0.057681318681318705,0.25513974939040157
2026-10-05 10:33:45+00:00,esp8266-01,24.05,55.72,114.9,False,normal,23.792307692307695,0.1423513446560668,-0.0016483516483516484,55.56461538461539,0.39812281415162365,0.0035164835164834727,116.72846153846152,1.301081480058367,-0.04206593406593402,0.03390988444088103
2026-10-05 10:33:50+00:00,esp8266-01,23.79,55.56,115.69,False,normal,23.79615384615385,0.1415593630050123,-0.0020659340659340843,55.58538461538462,0.39021917676767265,0.0013736263736263423,116.68230769230769,1.326215865049671,-0.05228571428571421,0.025983548419740606
2026-10-05 10:33:55+00:00,esp8266-01,23.81,55.19,116.85,False,normal,23.79692307692308,0.14160533537216818,-0.001945054945054968,55.612307692307695,0.3476106098708105,-0.006967032967032986,116.40230769230769,0.753220305356761,-0.021890109890109876,0.038867069076908595
2026-10-05 10:34:00+00:00,esp8266-01,23.73,54.6,119.18,False,normal,23.772307692307695,0.12191761696074853,-0.0004395604395604536,55.535384615384615,0.4401505928415601,-0.013736263736263729,116.5153846153846,1.0082247565710214,0.006483516483516505,-0.26706568981904055
2026-10-05 10:34:05+00:00,esp8266-01,23.74,55.13,117.3,False,normal,23.767692307692304,0.12191761696074618,-0.0004395604395604575,55.49153846153846,0.4498520466835755,-0.015142857142857088,116.57153846153847,1.0298009229107292,0.012076923076923025,-0.2758635604085549
2026-10-05 10:34:10+00:00,esp8266-01,23.74,55.83,119.52,False,normal,23.75307692307692,0.11261811682241889,0.0006263736263735993,55.449999999999996,0.3874174850111731,-0.006153846153846124,116.81153846153848,1.2920338537706153,0.030197802197802156,-0.24236918422419138
2026-10-05 10:34:15+00:00,esp8266-01,23.81,55.24,116.92,False,normal,23.756923076923076,0.11363806346201819,0.0010549450549450364,55.38230769230769,0.338188701220499,-0.0023846153846153553,116.80538461538461,1.2913118873966702,0.03236263736263733,-0.23761434382200858
2026-10-05 10:34:20+00:00,esp8266-01,23.81,55.83,116.34,False,normal,23.76230769230769,0.11436472332310817,0.0012747252747252436,55.44923076923077,0.3340534627517072,-0.0026813186813186554,116.71384615384615,1.2788187966996336,0.034868131868131876,-0.24158309737868644
2026-10-05 10:34:25+00:00,esp8266-01,23.7,54.96,118.04,False,normal,23.75307692307692,0.11417830963223331,0.0013076923076922819,55.416153846153854,0.35866286851932533,-0.006362637362637323,116.85769230769232,1.3142365660255768,0.039428571428571486,-0.2528816868177108
2026-10-05 10:34:30+00:00,esp8266-01,23.74,55.59,120.47,False,normal,23.763846153846153,0.1055052650188059,4.39560439560274e-05,55.39999999999999,0.34549852498860717,-0.002263736263736219,117.22461538461539,1.5789997582918815,0.05434065934065942,-0.35514085602877576
2026-10-05 10:34:35+00:00,esp8266-01,23.7,55.59,120.01,False,normal,23.756923076923076,0.10650999341924193,-0.0001758241758241916,55.40615384615384,0.348105608677844,-0.00016483516483511643,117.51461538461538,1.712122458707002,0.06513186813186819,-0.37758130855403926
2026-10-05 10:34:40+00:00,esp8266-01,23.5,55.53,116.6,False,normal,23.746923076923075,0.12281221533962856,-0.0028461538461538576,55.40538461538461,0.347819922121958,0.0016813186813187217,117.5776923076923,1.6614088268515592,0.04575824175824178,-0.32877669435225054
2026-10-05 10:34:45+00:00,esp8266-01,23.64,55.77,116.09,False,normal,23.75076923076923,0.11854642313377141,-0.004758241758241757,55.426153846153845,0.36067326917955217,0.004813186813186863,117.53153846153847,1.6934527594592512,0.02912087912087914,-0.3257031007351844
2026-10-05 10:34:50+00:00,esp8266-01,23.72,54.74,116.52,False,normal,23.725384615384616,0.08120395827898444,-0.0026593406593406494,55.350769230769224,0.39239817960971385,0.0025494505494505887,117.65615384615386,1.5486348254138729,0.00220879120879123,0.005914558776567549
2026-10-05 10:34:55+00:00,esp8266-01,23.84,55.69,120.63,False,normal,23.729230769230767,0.0852563138611637,-0.0014065934065933922,55.360769230769236,0.3992003842002572,0.006395604395604419,118.03615384615385,1.6238204640315832,0.006692307692307665,0.25479430202283265
2026-10-05 10:35:00+00:00,esp8266-01,23.55,55.48,116.77,False,normal,23.709230769230768,0.09400994533782941,-0.0019670329670329464,55.38307692307693,0.39713172810482855,0.00586813186813184,118.02999999999999,1.6284490025314318,-0.010780219780219877,0.3917745489320444
2026-10-05 10:35:05+00:00,esp8266-01,24.1,56.4,122.06,False,normal,23.737692307692306,0.14050205835612076,0.0007692307692308114,55.52153846153846,0.41342557983178735,0.006549450549450511,118.25153846153846,1.9365784504310755,0.024637362637362607,0.6357113809003302
2026-10-05 10:35:10+00:00,esp8266-01,23.78,55.11,121.42,False,normal,23.74076923076923,0.14095616003990286,0.0010659340659341116,55.519999999999996,0.41491426361830985,0.000824175824175793,118.56846153846153,2.0862621936918386,0.03820879120879118,0.6205229060162388
2026-10-05 10:35:15+00:00,esp8266-01,23.67,54.97,117.85,False,normal,23.735384615384614,0.14221410644146923,0.0005934065934066433,55.45384615384616,0.4285492245587407,-0.00041758241758247506,118.43999999999998,2.075101480372859,0.04079120879120869,0.629442115355874
2026-10-05 10:35:20+00:00,esp8266-01,23.82,55.81,115.6,False,normal,23.736153846153847,0.1426420189217396,0.0017252747252747686,55.49769230769231,0.433556913949269,0.0002857142857142523,118.33846153846154,2.17679668021194,0.010373626373626247,0.5670514977391258
2026-10-05 10:35:25+00:00,esp8266-01,23.77,55.1,117.81,False,normal,23.733076923076926,0.14144227500893325,0.002516483516483547,55.441538461538464,0.43415428228738817,0.00021978021978017606,118.45153846153845,2.1071119358160955,-0.00848351648351656,0.6254146332017438
2026-10-05 10:35:30+00:00,esp8266-01,23.94,56.67,117.88,False,normal,23.751538461538466,0.15124336750072467,0.0036263736263736582,55.57307692307692,0.5190729104765671,0.004615384615384579,118.43923076923078,2.109945174418695,-0.015417582417582466,0.5530231687036071
2026-10-05 10:35:35+00:00,esp8266-01,23.65,55.76,115.61,False,normal,23.744615384615386,0.15365372581087017,0.0028681318681318753,55.58615384615385,0.5214703835759302,0.005978021978021945,118.0653846153846,2.1472329793143317,-0.01845054945054949,0.5994917838571686
2026-10-05 10:35:40+00:00,esp8266-01,23.68,56.29,115.77,False,normal,23.743076923076924,0.15419191914278355,0.002098901098901095,55.64,0.5542007411927078,0.01064835164835163,117.73923076923076,2.149101642505995,-0.018626373626373628,0.6499349022301186
2026-10-05 10:35:45+00:00,esp8266-01,23.88,54.8,116.03,False,normal,23.772307692307695,0.1407755357980699,0.0011318681318681174,55.58384615384615,0.5977719974595899,0.004263736263736236,117.69538461538461,2.1775237007791906,-0.038659340659340666,0.5785473912905458
2026-10-05 10:35:50+00:00,esp8266-01,23.74,55.4,112.33,False,normal,23.779999999999998,0.13598642466162666,-9.890109890112218e-05,55.55538461538462,0.5970390450396487,0.004483516483516474,117.40615384615384,2.58343104733431,-0.08638461538461535,0.502600128067909
2026-10-05 10:35:55+00:00,esp8266-01,23.8,55.6,115.16,False,normal,23.786153846153848,0.13493807477363046,-0.0004285714285714565,55.621538461538464,0.5487166307197981,-0.0014945054945054703,117.30153846153846,2.64402329255949,-0.108010989010989,0.47555281934999827
2026-10-05 10:36:00+00:00,esp8266-01,23.69,55.36,115.9,False,normal,23.774615384615387,0.13624725174993946,-0.0006483516483516716,55.59615384615385,0.5525818903675849,-0.0026923076923076796,116.93769230769232,2.481405165955904,-0.09164835164835161,0.47931522455001707
2026-10-05 10:36:05+00:00,esp8266-01,23.63,55.9,120.67,False,normal,23.780769230769234,0.1274882521560889,-0.003329670329670358,55.628461538461536,0.5571057923818519,-0.0015824175824175955,117.23769230769231,2.671470795838361,-0.0683296703296703,0.3399671211983796
2026-10-05 10:36:10+00:00,esp8266-01,23.81,55.43,119.91,False,normal,23.75846153846154,0.08934343020419654,-0.0006813186813187098,55.55384615384615,0.5118975026843926,0.003043956043956024,117.0723076923077,2.42278972656958,-0.013615384615384581,-0.0014406071445942222
2026-10-05 10:36:15+00:00,esp8266-01,23.76,55.33,115.91,False,normal,23.75692307692308,0.08913124423100326,-0.0005054945054945142,55.57076923076923,0.5004530491843876,-0.0018461538461538771,116.64846153846155,2.0833030214756256,0.012164835164835219,-0.0447242740064704
2026-10-05 10:36:20+00:00,esp8266-01,23.97,55.06,117.95,False,normal,23.779999999999998,0.10160254388066028,0.0002307692307692278,55.57769230769232,0.4926561266965825,-0.009835164835164854,116.65615384615384,2.0879048698543863,0.029989010989011043,0.09844897358891315
2026-10-05 10:36:25+00:00,esp8266-01,23.71,55.6,119.9,False,normal,23.771538461538462,0.1024954898701916,7.692307692308504e-05,55.56153846153846,0.4881967786401673,-0.00790109890109889,116.98692307692308,2.230147924087798,0.04325274725274732,0.041413368989280684
2026-10-05 10:36:30+00:00,esp8266-01,23.65,55.43,120.28,False,normal,23.76230769230769,0.10749982798913647,-0.0007362637362637381,55.58692307692308,0.4718439216421197,-0.012318681318681296,117.17692307692307,2.3915536778592967,0.07129670329670339,-0.07573106940571242
2026-10-05 10:36:35+00:00,esp8266-01,23.99,55.02,121.03,False,normal,23.766153846153845,0.11445781631640202,0.0021318681318681335,55.46,0.375520152076364,-0.007725274725274664,117.41923076923075,2.60092427813483,0.10210989010989018,0.12587992528616665
2026-10-05 10:36:40+00:00,esp8266-01,23.64,54.95,116.92,False,normal,23.765384615384615,0.11526660631981471,0.00040659340659340767,55.39769230769231,0.38757934862342125,-0.008780219780219712,117.52,2.5538266913066425,0.08490109890109897,0.08910787729951222
2026-10-05 10:36:45+00:00,esp8266-01,23.7,55.19,117.47,False,normal,23.766923076923074,0.11424566077475379,-0.0006813186813186824,55.31307692307692,0.2917687339022106,-0.0032857142857142412,117.65076923076923,2.503906060963476,0.07110989010989012,0.05169181795791427
2026-10-05 10:36:50+00:00,esp8266-01,23.73,55.85,118.95,False,normal,23.755384615384614,0.10972801231377513,-5.4945054945055724e-05,55.393846153846155,0.28378048020752084,-0.0036923076923076606,117.87538461538462,2.4792884071677896,0.06720879120879127,0.10213805266753685
2026-10-05 10:36:55+00:00,esp8266-01,23.94,54.88,122.21,False,normal,23.77076923076923,0.12002958215231554,0.0010439560439560432,55.353846153846156,0.31502230596340314,-0.007032967032967,118.63538461538461,2.156174016755588,0.053131868131868105,0.274678840621757
2026-10-05 10:37:00+00:00,esp8266-01,23.75,55.71,117.09,False,normal,23.766923076923074,0.1198322298613877,0.001131868131868137,55.362307692307695,0.32289921852724696,-0.002791208791208751,118.78384615384616,1.970191472387694,0.01620879120879118,0.34707847678784154
2026-10-05 10:37:05+00:00,esp8266-01,23.65,55.95,113.08,False,normal,23.76384615384615,0.12225688349566594,-0.0002307692307692239,55.4076923076923,0.35884759666633387,0.0010659340659341116,118.56692307692308,2.3869368352808764,-0.0435824175824176,0.39583321441791774
2026-10-05 10:37:10+00:00,esp8266-01,23.73,55.84,117.61,False,normal,23.77153846153846,0.11660888960983314,-0.0014835164835164773,55.403076923076924,0.3528212581984736,0.007703296703296748,118.33153846153846,2.317816765021,-0.033714285714285724,0.5234123507703248
2026-10-05 10:37:15+00:00,esp8266-01,23.65,55.46,120.57,False,normal,23.75923076923077,0.12028565605755552,-0.0019890109890109992,55.40538461538462,0.3530878161551706,0.008285714285714316,118.38230769230769,2.35870288292956,-0.006813186813186894,0.41059796009389554
2026-10-05 10:37:20+00:00,esp8266-01,23.49,55.23,117.67,False,normal,23.738461538461536,0.14004648425226168,-0.003758241758241764,55.39769230769231,0.35572577697214186,0.006549450549450527,118.51769230769231,2.2614160092436077,-0.03052747252747262,0.4237534498050328
2026-10-05 10:37:25+00:00,esp8266-01,23.7,55.19,117.23,False,normal,23.71769230769231,0.12317303939204131,-0.0022307692307692436,55.4076923076923,0.3478318304131883,0.002582417582417545,118.46230769230769,2.2833516318244977,-0.04338461538461544,0.522581104246463
2026-10-05 10:37:30+00:00,esp8266-01,23.59,55.36,120.23,False,normal,23.70846153846154,0.12781273283398809,-0.0031318681318681335,55.38923076923077,0.34347682798263585,0.0037472527472527046,118.48769230769231,2.3009601803331305,-0.020670329670329654,0.44440666797238243
2026-10-05 10:37:35+00:00,esp8266-01,23.8,56.1,120.32,True,normal,23.720000000000002,0.12878126954084942,-0.002978021978021979,55.440769230769234,0.39249618397882713,0.008747252747252701,118.49076923076925,2.3033803304588982,0.005197802197802171,0.5111483340129672
2026-10-05 10:37:40+00:00,esp8266-01,23.5,55.15,113.81,False,normal,23.682307692307692,0.1152358014714249,-0.00235164835164836,55.45076923076923,0.3831942977427481,0.00359340659340655,117.93538461538462,2.4872648412527276,-0.00613186813186813,0.5483337649290144
2026-10-05 10:37:45+00:00,esp8266-01,23.92,55.18,118.31,False,normal,23.70384615384615,0.13047478162077542,-0.0011098901098901,55.46846153846153,0.3645196239067141,-0.0020439560439560744,118.04230769230769,2.471141604279644,-0.011472527472527439,0.49130231604430274
2026-10-05 10:37:50+00:00,esp8266-01,23.69,56.06,118.91,False,normal,23.703076923076928,0.1305246581702792,-0.0012307692307692163,55.535384615384615,0.386455597700646,-0.00028571428571432254,118.15307692307692,2.4752758497880136,-0.010153846153846149,0.4871735047778628
2026-10-05 10:37:55+00:00,esp8266-01,23.74,54.77,117.34,False,normal,23.70384615384615,0.13071039400341308,-0.0007802197802197733,55.45230769230769,0.42413992332281847,-0.0029120879120879263,118.02923076923076,2.4725802827081824,-0.00938461538461533,0.4750543172761871
2026-10-05 10:38:00+00:00,esp8266-01,23.83,55.32,119.13,False,normal,23.69538461538462,0.1181013505173314,0.001868131868131875,55.48615384615385,0.3935741248050395,-0.00818681318681319,117.79230769230769,2.19230526315642,0.030032967032967015,0.3331779135123908
2026-10-05 10:38:05+00:00,esp8266-01,23.72,55.92,118.09,False,normal,23.693076923076923,0.11730201751693757,0.0024505494505494547,55.50230769230769,0.40652663544412704,-0.0036043956043955976,117.86923076923077,2.1838408702890857,0.026593406593406626,0.35115971909453353
2026-10-05 10:38:10+00:00,esp8266-01,24.05,55.02,122.16,True,normal,23.723846153846157,0.1498993745322011,0.004472527472527477,55.43076923076923,0.4032647829989256,-0.003340659340659301,118.56769230769231,1.9832186498258644,0.018043956043956047,0.5731947290406145
2026-10-05 10:38:15+00:00,esp8266-01,23.66,55.27,117.71,False,normal,23.71846153846154,0.15083593500846612,0.004098901098901111,55.386923076923075,0.38704769365005637,-0.0012527472527471752,118.57538461538462,1.9796799095758062,0.0050219780219779835,0.5864174656070147
2026-10-05 10:38:20+00:00,esp8266-01,23.69,56.78,115.68,False,normal,23.721538461538465,0.14981250609407157,0.0033846153846153982,55.48846153846154,0.5369980110814212,0.008494505494505577,118.19923076923077,2.0289082382041466,0.0012747252747252397,0.6353188788539719
2026-10-05 10:38:25+00:00,esp8266-01,23.73,55.76,116.18,False,normal,23.740000000000002,0.13410673131709366,0.001659340659340665,55.52923076923077,0.535945771344981,0.008296703296703333,118.08461538461538,2.09652685460273,-0.016109890109890092,0.6561590878155793
2026-10-05 10:38:30+00:00,esp8266-01,23.83,55.63,116.53,False,normal,23.75,0.13558987935888256,0.0019450549450549328,55.56307692307693,0.5272772532313844,0.006351648351648377,118.03076923076922,2.126559017388722,-0.03293406593406589,0.5952377064976372
2026-10-05 10:38:35+00:00,esp8266-01,23.8,55.39,114.31,False,normal,23.766153846153845,0.12785439203278498,0.0010439560439560354,55.565384615384616,0.5264484105723641,0.0036483516483516564,117.57538461538462,2.2378032338900855,-0.040549450549450465,0.6701681006290696
2026-10-05 10:38:40+00:00,esp8266-01,23.78,55.17,121.1,False,normal,23.764615384615386,0.1275578532161092,0.001395604395604399,55.49384615384615,0.5119275558956399,0.005153846153846167,117.63538461538461,2.319551068582618,0.0038021978021977954,0.6369011701779613
2026-10-05 10:38:45+00:00,esp8266-01,23.57,55.26,118.11,False,normal,23.77,0.117342365619473,-0.0019230769230769193,55.50230769230769,0.5070602125701396,0.0009670329670329386,117.96615384615384,2.0402395728914575,-0.022494505494505497,0.42476829821986406
2026-10-05 10:38:50+00:00,esp8266-01,23.8,55.67,117.47,False,normal,23.760769230769235,0.10964709392885313,-0.0005714285714285514,55.540000000000006,0.4998615192847121,-0.00040659340659344285,117.90153846153846,2.0416277297738863,-0.02312087912087911,0.4287682245930061
2026-10-05 10:38:55+00:00,esp8266-01,23.86,55.51,121.89,False,normal,23.77384615384615,0.11056070115098343,-0.0004615384615384361,55.49769230769231,0.4768027143404738,0.003395604395604345,118.13076923076923,2.293718719052008,0.010934065934065922,0.5083698108336626
2026-10-05 10:39:00+00:00,esp8266-01,23.72,56.12,121.43,False,normal,23.772307692307695,0.11115850402778508,-0.0010769230769230695,55.60153846153847,0.4534457164331459,0.001901098901098843,118.44538461538461,2.4395416195688995,0.02660439560439566,0.4192110171234105
2026-10-05 10:39:05+00:00,esp8266-01,23.79,55.65,118.66,False,normal,23.76923076923077,0.11006721991288575,-0.0005164835164835269,55.62692307692308,0.44615251989203214,5.494505494498155e-05,118.40923076923076,2.432600575953554,0.03328571428571428,0.41390348455750653
2026-10-05 10:39:10+00:00,esp8266-01,23.66,55.73,120.97,False,normal,23.764615384615386,0.11324686340446093,-0.0016153846153846337,55.612307692307695,0.43937287206898673,0.0029890109890109017,118.63076923076923,2.522905716517609,0.047714285714285716,0.31192175664456573
2026-10-05 10:39:15+00:00,esp8266-01,23.67,56.18,121.56,False,normal,23.735384615384614,0.07996300919910364,-4.395604395604692e-05,55.70153846153846,0.42765633495659344,0.00217582417582411,118.58461538461538,2.462689634664863,0.09417582417582418,-0.05598529347864805
2026-10-05 10:39:20+00:00,esp8266-01,23.72,55.22,119.12,False,normal,23.739999999999995,0.07716116998715056,-0.0007252747252747371,55.697692307692314,0.43172558674304223,-0.004318681318681366,118.69307692307692,2.4528112116989433,0.09097802197802193,-0.09104198940720595
2026-10-05 10:39:25+00:00,esp8266-01,23.84,55.06,116.88,False,normal,23.75153846153846,0.07998520573228396,-0.00045054945054945464,55.56538461538461,0.33174632070583604,-0.0001978021978022131,118.78538461538461,2.3584467358658974,0.05584615384615381,-0.23235349902483088
2026-10-05 10:39:30+00:00,esp8266-01,23.64,55.53,117.51,False,normal,23.744615384615386,0.08527019360304107,-0.0013516483516483482,55.54769230769231,0.32699456232033,0.0010659340659340492,118.8876923076923,2.2704122087481107,0.027395604395604442,-0.18851924766555037
2026-10-05 10:39:35+00:00,esp8266-01,23.72,55.45,113.84,False,normal,23.73615384615385,0.08176311577068936,-0.000857142857142874,55.53384615384615,0.3270271327615034,0.0010549450549450794,118.68076923076924,2.577653857344578,-0.02402197802197796,-0.06265382907572536
2026-10-05 10:39:40+00:00,esp8266-01,23.61,55.65,120.82,False,normal,23.72153846153846,0.08592001234082694,-0.0011978021978022132,55.55384615384615,0.3255655070924543,0.0007142857142857362,119.18153846153845,2.29696403693692,-0.04353846153846151,-0.02624349653403313
2026-10-05 10:39:45+00:00,esp8266-01,23.86,54.91,117.57,False,normal,23.727692307692305,0.09249980009540533,0.00016483516483515546,55.533846153846156,0.3551714312303434,-0.006483516483516466,118.91,2.262513918359082,-0.039406593406593464,-0.14000242771431234
2026-10-05 10:39:50+00:00,esp8266-01,23.86,55.74,117.26,False,normal,23.75,0.08655811742551191,-0.0001758241758241838,55.57076923076924,0.3496913262703621,-0.0072307692307692056,118.84461538461538,2.2967120826372396,-0.05643956043956048,-0.2733335744779714
2026-10-05 10:39:55+00:00,esp8266-01,23.79,55.24,117.88,False,normal,23.74923076923077,0.08615384615350324,0.0004725274725274683,55.53769230769231,0.35895476136992527,-0.008648351648351591,118.87615384615385,2.2803762795492104,-0.07337362637362646,-0.264656534507248
2026-10-05 10:40:00+00:00,esp8266-01,23.84,54.95,115.95,False,normal,23.747692307692304,0.08432116680607776,0.0019230769230769193,55.49461538461538,0.3917930259052647,-0.01273626373626367,118.41923076923078,2.225144633288506,-0.06948351648351653,-0.5266277087193162
2026-10-05 10:40:05+00:00,esp8266-01,23.79,54.61,119.32,False,normal,23.753076923076925,0.08461538461503802,0.001989010989010976,55.378461538461536,0.41245691903425497,-0.013758241758241715,118.25692307692307,2.0712440877417886,-0.040384615384615435,-0.5054831669432729
2026-10-05 10:40:10+00:00,esp8266-01,23.62,55.9,118.32,False,normal,23.740000000000002,0.09080833577427642,0.0013956043956043873,55.3976923076923,0.43011901476680453,-0.00823076923076921,118.23076923076923,2.068133538087023,-0.03686813186813199,-0.48307379270583106
2026-10-05 10:40:15+00:00,esp8266-01,23.64,55.31,119.07,False,normal,23.73846153846154,0.09230769230736569,0.00012087912087912025,55.36538461538461,0.4195898250694739,-0.006252747252747243,118.08461538461538,1.932047998227538,-0.010263736263736408,-0.4516397855501448
2026-10-05 10:40:20+00:00,esp8266-01,23.84,55.33,118.94,False,normal,23.75153846153846,0.0937136517304243,0.00026373626373627765,55.3,0.34760720537816286,-0.0002197802197802307,117.88307692307693,1.6790995050706274,0.02210989010988999,-0.33636022546296424
2026-10-05 10:40:25+00:00,esp8266-01,23.79,55.48,114.72,False,normal,23.75692307692308,0.09375783990856706,0.00027472527472527863,55.32,0.34990108492375255,0.0003516483516483051,117.54461538461538,1.8321429881408138,0.010769230769230706,-0.33451780307707935
2026-10-05 10:40:30+00:00,esp8266-01,23.73,55.01,120.61,False,normal,23.74846153846154,0.09079530264385559,0.000736263736263746,55.316153846153846,0.3529989858678324,-0.0036923076923077386,117.83153846153846,1.990793603464976,0.025868131868131798,-0.316097408431664
2026-10-05 10:40:35+00:00,esp8266-01,23.8,55.75,117.29,False,normal,23.76076923076923,0.08597508927749727,0.00024175824175826395,55.333076923076916,0.3678081568382331,0.0008131868131867763,117.8146153846154,1.9943867975456229,0.019824175824175862,-0.3601695164725552
2026-10-05 10:40:40+00:00,esp8266-01,23.73,54.9,117.32,False,normal,23.76153846153846,0.085651005099173,-0.0002747252747252552,55.29076923076923,0.3832344439808361,-0.0011428571428571653,118.0823076923077,1.6460682939664952,-0.014010989010988965,-0.5196024215946334
2026-10-05 10:40:45+00:00,esp8266-01,23.72,54.84,117.87,False,normal,23.77,0.0750384516812054,-0.001714285714285705,55.22846153846154,0.3856033464953852,-0.001351648351648356,117.85538461538461,1.443945531598849,0.005648351648351711,-0.35759704641042317
2026-10-05 10:40:50+00:00,esp8266-01,23.82,55.41,120.35,False,normal,23.766923076923078,0.07204535060863886,-0.0006923076923076834,55.26692307692307,0.3767550645953777,-0.002604395604395656,118.06923076923077,1.5848293358175956,0.0199010989010989,-0.23224599602511622
2026-10-05 10:40:55+00:00,esp8266-01,23.83,54.84,117.78,False,normal,23.764615384615386,0.06946115512247569,0.0004395604395604341,55.1976923076923,0.3660002910077876,-0.001780219780219793,118.10923076923078,1.570396625738089,0.01176923076923084,-0.20200399142785774
2026-10-05 10:41:00+00:00,esp8266-01,23.82,55.78,117.71,False,normal,23.766923076923074,0.07075250638462434,0.0009999999999999924,55.23923076923076,0.39771388127771634,0.0023846153846153943,118.09615384615384,1.5729567379326372,0.007373626373626398,-0.20898424082501024
2026-10-05 10:41:05+00:00,esp8266-01,24.1,55.98,121.17,False,normal,23.786923076923078,0.1128228437985219,0.00375824175824176,55.318461538461534,0.433214215155812,0.005043956043956055,118.49769230769229,1.6387385103563072,0.01113186813186822,0.3219875718492014
2026-10-05 10:41:10+00:00,esp8266-01,23.85,54.43,120.06,False,normal,23.791538461538458,0.11407461484232717,0.004197802197802202,55.30461538461539,0.45781446333671405,-0.006263736263736251,118.55461538461539,1.6786790382943462,0.02775824175824184,0.3480746472048721
2026-10-05 10:41:15+00:00,esp8266-01,23.83,55.95,119.21,False,normal,23.807692307692307,0.1029677952752864,0.0031318681318681296,55.308461538461536,0.4629810787602323,0.0025714285714285986,118.62307692307692,1.6858478105202868,0.030274725274725287,0.37094559546122896
2026-10-05 10:41:20+00:00,esp8266-01,24.01,55.57,117.29,False,normal,23.836153846153845,0.10381481008435595,0.0031758241758241884,55.32846153846154,0.46820189849201743,0.004307692307692356,118.48615384615385,1.7160040275257438,0.02492307692307695,0.29923823626979185
2026-10-05 10:41:25+00:00,esp8266-01,23.88,55.45,118.05,False,normal,23.83923076923077,0.10447388620779907,0.003494505494505498,55.337692307692315,0.4693228156881946,0.00512087912087918,118.4176923076923,1.7142845731186258,0.025538461538461534,0.28986151577322233
2026-10-05 10:41:30+00:00,esp8266-01,23.78,56.14,118.41,False,normal,23.838461538461537,0.10486960062881157,0.0027252747252747298,55.38846153846154,0.5154064289299332,0.011505494505494544,118.70153846153845,1.3440400987253305,-0.0029560439560439846,0.2707640302689686
2026-10-05 10:41:35+00:00,esp8266-01,23.73,55.15,116.94,False,normal,23.838461538461537,0.10486960062881157,0.001175824175824184,55.399230769230776,0.5088064697590804,0.00702197802197803,118.41923076923078,1.2981789703475506,0.00010989010989007242,0.5052422464973755
2026-10-05 10:41:40+00:00,esp8266-01,23.94,55.85,119.01,False,normal,23.849230769230772,0.10752184310880848,0.0015494505494505692,55.406923076923086,0.5147723113614782,0.012692307692307704,118.55153846153846,1.2635350054741397,-0.004681318681318624,0.5051756124555312
2026-10-05 10:41:45+00:00,esp8266-01,23.94,56.21,117.25,False,normal,23.865384615384617,0.10411645732709912,0.0012307692307692592,55.50769230769231,0.5335534555608283,0.014087912087912087,118.54615384615384,1.2689095164534419,-0.02273626373626372,0.36586555304131985
2026-10-05 10:41:50+00:00,esp8266-01,23.75,54.99,112.81,False,normal,23.867692307692305,0.10115896447982223,-0.0006483516483516326,55.51923076923077,0.5204504193997048,0.0055384615384615685,118.15692307692308,1.9885920207150252,-0.06575824175824169,0.46024760251658686
2026-10-05 10:41:55+00:00,esp8266-01,23.85,54.95,115.32,False,normal,23.87,0.10038387857060885,-0.0011318681318681096,55.48384615384616,0.5418705275608954,0.00094505494505496,117.77,2.013431819632125,-0.06759340659340661,0.521406349317245
2026-10-05 10:42:00+00:00,esp8266-01,23.78,55.44,116.11,False,normal,23.866153846153846,0.10277222473737707,-0.002032967032967023,55.53,0.5096605204976364,-0.004296703296703285,117.64153846153846,2.0613992490308077,-0.07846153846153846,0.5494977058289117
2026-10-05 10:42:05+00:00,esp8266-01,23.99,55.53,117.24,False,normal,23.87923076923077,0.106804028911239,-0.0015714285714285789,55.51076923076924,0.504555578069473,-0.0023736263736263545,117.60538461538461,2.064001399017788,-0.08058241758241766,0.5139823000313349
2026-10-05 10:42:10+00:00,esp8266-01,23.94,54.37,113.44,False,normal,23.866923076923076,0.08826399347601435,0.0005274725274725319,55.38692307692308,0.5678079932158613,-0.0062857142857143155,117.01076923076924,2.0648876353799697,-0.08062637362637369,0.14254345466635443
2026-10-05 10:42:15+00:00,esp8266-01,23.73,55.53,120.01,False,normal,23.85769230769231,0.09552718873146118,-0.0005054945054944947,55.47153846153846,0.4963690648305755,-0.012703296703296738,117.00692307692307,2.0592432688335314,-0.03739560439560438,-0.008521679922655076
2026-10-05 10:42:20+00:00,esp8266-01,23.69,54.49,119.36,False,normal,23.84692307692308,0.1054211054173126,-0.0018241758241758243,55.35923076923078,0.5387658480762401,-0.015494505494505505,117.01846153846154,2.0719364638083606,-0.004934065934065956,-0.1245842844721068
2026-10-05 10:42:25+00:00,esp8266-01,23.81,55.42,120.44,False,normal,23.83153846153846,0.09453091914557227,-0.0008131868131868192,55.347692307692306,0.5357260184683582,-0.013472527472527479,117.26076923076923,2.2647447182966887,0.019714285714285726,-0.1709988760002129
2026-10-05 10:42:30+00:00,esp8266-01,23.66,54.74,120.26,False,normal,23.814615384615383,0.10359799408601757,-0.0015714285714285906,55.29307692307692,0.5582305095345421,-0.016692307692307673,117.43076923076923,2.396707554248368,0.0455604395604396,-0.3070943114166911
2026-10-05 10:42:35+00:00,esp8266-01,24.05,54.81,117.95,False,normal,23.835384615384616,0.12029549416794827,-0.0002857142857142991,55.190769230769234,0.5137413527397081,-0.013362637362637335,117.39538461538463,2.385357948899532,0.056516483516483564,-0.22131521563131354
2026-10-05 10:42:40+00:00,esp8266-01,23.71,56.26,124.03,False,normal,23.833846153846157,0.12175248925177742,-0.001923076923076935,55.276153846153846,0.58690240915323,-0.006626373626373636,117.94076923076923,2.9601597190235527,0.0967582417582418,-0.36167216386620765
2026-10-05 10:42:45+00:00,esp8266-01,23.89,56.59,124.72,False,normal,23.830000000000002,0.11909918297186506,-0.000736263736263742,55.333076923076916,0.6698264369382209,0.006450549450549463,118.38000000000001,3.4665411712984255,0.14968131868131876,-0.26184932102325414
2026-10-05 10:42:50+00:00,esp8266-01,23.87,55.88,120.29,False,normal,23.824615384615388,0.11553323761598881,0.0003736263736263774,55.30769230769231,0.6417782248883765,0.016802197802197823,118.61384615384615,3.484913724705162,0.15358241758241767,-0.2270361509562291
2026-10-05 10:42:55+00:00,esp8266-01,24.12,55.34,116.81,False,normal,23.853076923076927,0.13719074959741825,0.001747252747252751,55.33461538461539,0.6351936759109069,0.014571428571428615,118.92153846153846,3.1159461981970256,0.09704395604395617,-0.4081282925690521
2026-10-05 10:43:00+00:00,esp8266-01,23.81,55.53,116.38,False,normal,23.85,0.13767296813027363,0.001439560439560438,55.379230769230766,0.6269273241951901,0.012901098901098957,119.00307692307692,3.033409821954216,0.05258241758241762,-0.39903917183026233
2026-10-05 10:43:05+00:00,esp8266-01,23.86,55.76,118.68,False,normal,23.856153846153845,0.13618643677725104,0.0009670329670329659,55.40384615384615,0.6350595182469396,0.01587912087912089,119.20076923076924,2.920048633784706,0.02819780219780227,-0.4619128387458433
2026-10-05 10:43:10+00:00,esp8266-01,23.97,55.03,116.57,False,normal,23.854615384615386,0.13477133823414117,0.0027472527472527236,55.36538461538461,0.6413641157674299,0.014384615384615395,119.14923076923077,2.9598426713345,-0.00423076923076925,-0.4678330677203387
2026-10-05 10:43:15+00:00,esp8266-01,23.96,55.46,120.37,False,normal,23.856153846153845,0.1358471121142312,0.004098901098901087,55.449230769230766,0.5734036239651731,0.007351648351648333,119.68230769230769,2.4665365123717824,-0.04009890109890112,-0.41795503067308376
2026-10-05 10:43:20+00:00,esp8266-01,23.77,55.02,120.16,False,normal,23.859230769230766,0.13338559133686737,0.002560439560439547,55.410000000000004,0.5838861849051882,0.005142857142857135,119.69384615384615,2.4683926207507514,-0.034428571428571454,-0.42541266219727597
2026-10-05 10:43:25+00:00,esp8266-01,23.97,55.5,116.81,False,normal,23.88076923076923,0.12676213572361333,0.001989010989010976,55.48769230769231,0.5200022758257618,-0.001340659340659355,119.4976923076923,2.5856621048987285,-0.05601098901098905,-0.5026779568201991
2026-10-05 10:43:30+00:00,esp8266-01,23.85,54.91,121.56,False,normal,23.883846153846154,0.12548603731924882,0.001241758241758229,55.448461538461544,0.542385700881552,-0.005670329670329714,119.58384615384617,2.63383469623662,-0.035164835164835206,-0.4985525131319259
2026-10-05 10:43:35+00:00,esp8266-01,23.6,54.95,119.17,False,normal,23.87923076923077,0.1344196379001652,-0.0023516483516483563,55.464615384615385,0.5238557550233366,-0.014406593406593428,119.5,2.628319146995053,-0.03269230769230771,-0.40895995672356716
2026-10-05 10:43:40+00:00,esp8266-01,23.98,55.85,114.22,False,normal,23.873846153846156,0.12875369817157015,-0.0003736263736263735,55.544615384615376,0.4964739575573091,-0.016901098901098914,119.21307692307693,2.964021137201022,-0.07942857142857145,-0.4365406930367554
2026-10-05 10:43:45+00:00,esp8266-01,23.91,55.12,118.54,False,normal,23.889230769230764,0.11990134011304907,-0.0013956043956043912,55.456923076923076,0.4618422077421407,-0.014197802197802256,118.79076923076923,2.6186063866651192,-0.046813186813186795,-0.3225133702328965
2026-10-05 10:43:50+00:00,esp8266-01,24.06,54.32,117.31,False,normal,23.90230769230769,0.12825178638139537,-0.00026373626373626594,55.2823076923077,0.42834482597654244,-0.01297802197802202,118.22076923076922,1.999143899613112,-0.010967032967032955,-0.44310540243478347
2026-10-05 10:43:55+00:00,esp8266-01,23.72,55.39,117.84,False,normal,23.89076923076923,0.13708287995329646,-0.0017142857142857168,55.244615384615386,0.39429811807463927,-0.007670329670329698,118.0323076923077,1.9086247721093434,0.0024395604395605008,-0.40246851966544983
2026-10-05 10:44:00+00:00,esp8266-01,24.04,55.23,117.06,False,normal,23.884615384615383,0.1281594790523262,0.0010329670329670344,55.23615384615385,0.39333951788677757,-0.0070329670329670625,118.05153846153847,1.897438946636334,-0.013373626373626298,-0.3898089813134013
2026-10-05 10:44:05+00:00,esp8266-01,24.02,54.81,117.52,False,normal,23.900769230769228,0.13094106357494287,0.0013516483516483443,55.18076923076923,0.398718360952921,-0.007582417582417588,118.13923076923076,1.8437439399156563,-0.02973626373626374,-0.4611757235787072
2026-10-05 10:44:10+00:00,esp8266-01,24.06,55.22,121.93,False,normal,23.916153846153847,0.1368625622539166,0.0020879120879120708,55.139230769230764,0.3627133120600845,-0.0028681318681318987,118.38923076923076,2.102326409328558,-0.0005824175824175056,-0.2330547951940785
2026-10-05 10:44:15+00:00,esp8266-01,23.92,55.27,119.19,False,normal,23.912307692307692,0.13599512695745453,0.0025274725274725164,55.1576923076923,0.3627916088876996,-0.00284615384615385,118.59076923076924,2.043012336791769,-0.009296703296703306,-0.21058712199152188
2026-10-05 10:44:20+00:00,esp8266-01,23.81,54.46,120.16,False,normal,23.900769230769235,0.13781043493252265,0.0022197802197802077,55.080769230769235,0.39511364554952655,-0.0051208791208791175,118.57461538461538,2.0296669502638665,0.014736263736263716,-0.2773335930357747
2026-10-05 10:44:25+00:00,esp8266-01,23.88,55.35,120.45,False,normal,23.909230769230774,0.13280764218389685,0.0010769230769230578,55.106153846153845,0.4009515309579772,-0.0038131868131867806,118.59692307692308,2.048475548061353,0.039296703296703255,-0.2382256755620753
2026-10-05 10:44:30+00:00,esp8266-01,23.95,54.85,117.62,False,normal,23.907692307692308,0.13220926571458214,0.0018131868131867842,55.05615384615385,0.38907263434084655,-0.0024725274725274334,118.65923076923079,2.005033901644783,0.019109890109890094,-0.22417361534607125
2026-10-05 10:44:35+00:00,esp8266-01,23.99,53.91,116.68,False,normal,23.91846153846154,0.13277199390995775,0.001912087912087887,54.97923076923077,0.4948420344446041,-0.011153846153846169,118.28384615384616,1.879711673723053,0.028373626373626396,-0.22053756589492174
2026-10-05 10:44:40+00:00,esp8266-01,23.83,54.36,116.88,False,normal,23.936153846153847,0.10057821002247565,-0.00112087912087914,54.933846153846154,0.5217653239287318,-0.01546153846153846,118.10769230769232,1.8956474592972716,0.025934065934065914,-0.10837423753681173
2026-10-05 10:44:45+00:00,esp8266-01,23.73,55.52,120.57,False,normal,23.916923076923073,0.1134348078028237,-0.002142857142857146,54.908461538461545,0.48317612896090756,-0.004549450549450519,118.59615384615384,1.6305333646551872,0.012263736263736166,-0.20114778935117478
2026-10-05 10:44:50+00:00,esp8266-01,23.94,55.17,120.63,False,normal,23.919230769230772,0.11357556200162845,-0.0020439560439560276,54.91230769230769,0.4850401069246323,-0.001197802197802178,118.75692307692309,1.717773087080344,0.025241758241758148,-0.17424494960105263
2026-10-05 10:44:55+00:00,esp8266-01,24.05,55.27,116.64,False,normal,23.91846153846154,0.11264963749770515,-9.890109890107923e-05,54.98538461538461,0.4612794144820178,-0.0033956043956043605,118.70538461538462,1.769678873018713,0.00015384615384607639,-0.19894764943809956
2026-10-05 10:45:00+00:00,esp8266-01,24.05,55.45,120.9,False,normal,23.943846153846152,0.1017189537996502,-0.0007582417582417362,54.99,0.465584826609773,0.0027802197802198284,118.94076923076923,1.8409882861717999,0.007967032967032951,-0.1956678114526522
2026-10-05 10:45:05+00:00,esp8266-01,23.95,55.52,117.84,False,normal,23.936923076923073,0.09793126438652293,2.1978021978037126e-05,55.01230769230769,0.48316510709081945,0.008120879120879153,119.00076923076924,1.7907388313568977,-0.013758241758241738,-0.13021716080149254
2026-10-05 10:45:10+00:00,esp8266-01,24.18,55.59,121.77,False,normal,23.949230769230766,0.11598816507659623,0.0022637362637362777,55.072307692307696,0.5023659996786861,0.010373626373626425,119.3276923076923,1.8764580130009485,-0.006890109890109933,0.1579753113786228
2026-10-05 10:45:15+00:00,esp8266-01,23.85,55.48,118.68,False,normal,23.93307692307692,0.11404348801982143,0.0024615384615384794,55.0923076923077,0.5129125558424745,0.014197802197802199,119.0776923076923,1.723351626453999,0.008857142857142907,0.06672937340043437
2026-10-05 10:45:20+00:00,esp8266-01,23.77,54.73,119.01,False,normal,23.921538461538457,0.12208736807610085,0.001285714285714315,55.050769230769234,0.5186737753223388,0.013175824175824163,119.06384615384614,1.7231167577810922,0.009274725274725336,0.06615538105155032
2026-10-05 10:45:25+00:00,esp8266-01,23.83,55.29,120.94,False,normal,23.92307692307692,0.12079127677254368,-0.00017582417582416427,55.114615384615384,0.4924446924761827,0.010208791208791184,119.12384615384616,1.7730961120267787,0.03007692307692308,0.046779298611211655
2026-10-05 10:45:30+00:00,esp8266-01,23.75,55.72,117.76,False,normal,23.91307692307692,0.12904290374088173,-0.0016483516483516405,55.143076923076926,0.5153846153846495,0.016010989010988977,118.91692307692308,1.7631937134090527,0.03128571428571433,0.13405745165264818
2026-10-05 10:45:35+00:00,esp8266-01,24.12,55.82,119.34,False,normal,23.926153846153845,0.14024914432954683,1.1712242897144509e-17,55.2176923076923,0.5373031495871343,0.018219780219780195,119.04923076923076,1.7250304859665735,0.024098901098901185,0.16198360329264
2026-10-05 10:45:40+00:00,esp8266-01,23.99,55.07,115.74,False,normal,23.926153846153845,0.14024914432954683,0.0009120879120879024,55.30692307692308,0.3884166005996004,0.007186813186813131,118.97692307692309,1.8387762846119584,-0.015945054945054857,0.13406184804473725
2026-10-05 10:45:45+00:00,esp8266-01,24.04,55.22,114.2,False,normal,23.942307692307693,0.14033771608579768,0.0009230769230768956,55.373076923076916,0.2794605962423386,-0.0006703296703297478,118.77076923076923,2.180749558994006,-0.0635714285714285,-0.06352158856373395
2026-10-05 10:45:50+00:00,esp8266-01,23.96,54.98,118.65,False,normal,23.959999999999997,0.12624761993173847,-0.000593406593406612,55.33153846153846,0.2942747578983701,-0.0021318681318682154,118.62307692307694,2.118008442691605,-0.050527472527472486,0.04634483089441058
2026-10-05 10:45:55+00:00,esp8266-01,24.33,54.42,123.8,False,normal,23.989999999999995,0.15980757659895964,0.0016923076923076718,55.27384615384616,0.3810216723402294,-0.009384615384615446,118.86692307692307,2.485608993990248,-0.0009560439560439985,0.39149092490838244
2026-10-05 10:46:00+00:00,esp8266-01,23.89,54.48,122.32,False,normal,23.977692307692312,0.1608704135035329,0.0014945054945054862,55.21307692307692,0.43584373726560705,-0.01464835164835171,119.30384615384615,2.5540331256856996,0.004681318681318577,0.3519404162961713
2026-10-05 10:46:05+00:00,esp8266-01,24.05,55.03,118.84,False,normal,23.977692307692312,0.1608704135035329,0.002527472527472532,55.18076923076923,0.4326388001104231,-0.01403296703296706,119.1453846153846,2.5136721999881693,0.013901098901098845,0.32925634664415837
2026-10-05 10:46:10+00:00,esp8266-01,23.93,54.44,119.62,False,normal,23.976153846153846,0.16122313546216963,0.0020000000000000005,55.097692307692306,0.4622046474179046,-0.016307692307692318,119.2823076923077,2.487176817339156,0.0069890109890109724,0.3212843455213745
2026-10-05 10:46:15+00:00,esp8266-01,23.87,55.44,119.83,False,normal,23.95230769230769,0.15196932110192235,0.0028681318681318753,55.08615384615385,0.4515194596971883,-0.010263736263736252,119.13307692307693,2.3897292560369774,0.029736263736263664,0.22522208759698065
2026-10-05 10:46:20+00:00,esp8266-01,23.97,55.29,120.71,False,normal,23.96153846153846,0.14909192589416514,0.0021978021978022095,55.07153846153846,0.44149825600924486,-0.00589010989010989,119.28923076923077,2.421139151907359,0.03664835164835156,0.21866484735315145
2026-10-05 10:46:25+00:00,esp8266-01,24.1,54.96,120.09,False,normal,23.986923076923077,0.14225570776071897,0.001637362637362659,55.08923076923077,0.4319626326157914,-0.009252747252747254,119.37230769230769,2.4286500012150047,0.039780219780219755,0.23513858167341703
2026-10-05 10:46:30+00:00,esp8266-01,24.11,55.38,118.86,False,normal,24.00846153846154,0.13799922819429758,0.0012417582417582485,55.09615384615385,0.43582880304331006,-0.005791208791208771,119.21230769230769,2.3882795669561188,0.04846153846153841,0.29964553560723267
2026-10-05 10:46:35+00:00,esp8266-01,24.09,54.89,120.46,False,normal,24.03461538461539,0.11718593933862137,-0.0002087912087912024,55.03230769230769,0.3990017128583996,-0.002351648351648329,119.42,2.3702839816877277,0.04551648351648345,0.2602098717389842
2026-10-05 10:46:40+00:00,esp8266-01,24.26,54.33,118.67,False,normal,24.045384615384616,0.13024328623558964,0.0019340659340659591,54.91769230769231,0.3691602496760106,-0.0009230769230769034,119.36846153846153,2.3787321967604087,0.03995604395604394,0.19480868413292068
2026-10-05 10:46:45+00:00,esp8266-01,23.96,55.27,121.33,False,normal,24.043076923076924,0.13146421656353618,0.0009450549450549639,54.933076923076925,0.379217506399415,0.002571428571428622,119.79846153846155,2.180983709436566,0.024978021978021916,0.11511084818414959
2026-10-05 10:46:50+00:00,esp8266-01,24.11,55.21,117.7,False,normal,24.048461538461538,0.13265607086022607,0.0013626373626373688,54.932307692307695,0.3786444211039734,0.006604395604395657,120.06769230769231,1.6161547614684184,-0.031923076923076936,0.09061509677796753
2026-10-05 10:46:55+00:00,esp8266-01,24.06,55.01,121.6,False,normal,24.056153846153848,0.1301796664694983,0.0007582417582417596,54.93461538461539,0.37901928882551916,0.007483516483516502,120.29461538461538,1.6082509150989017,-0.032725274725274735,0.044872966218248544
2026-10-05 10:47:00+00:00,esp8266-01,23.93,54.84,121.43,False,normal,24.025384615384617,0.10703093619020193,0.002032967032967019,54.966923076923074,0.3506123130793739,0.0029010989010989563,120.1123076923077,1.306593656133311,0.0017252747252747647,-0.5797376970741459
2026-10-05 10:47:05+00:00,esp8266-01,24.06,54.69,122.65,False,normal,24.03846153846154,0.09983418204855002,0.0012197802197801996,54.98307692307692,0.3321580859814634,-0.0026703296703296546,120.1376923076923,1.3516665146637319,0.03543956043956047,-0.38281037072599633
2026-10-05 10:47:10+00:00,esp8266-01,23.95,55.35,121.75,False,normal,24.030769230769234,0.10246662034048123,0.0007252747252747059,55.00769230769231,0.3462803187760282,0.00010989010989014269,120.36153846153846,1.3591617674355276,0.036087912087912136,-0.4290628410571929
2026-10-05 10:47:15+00:00,esp8266-01,23.79,55.25,121.49,False,normal,24.02,0.11858135798477706,-0.001637362637362663,55.07000000000001,0.3094411836745046,-0.0026593406593406455,120.50538461538461,1.3719644275752343,0.037824175824175875,-0.5215695895583714
2026-10-05 10:47:20+00:00,esp8266-01,24.04,55.36,125.7,False,normal,24.033076923076923,0.11041074469613767,-0.0026593406593406806,55.06384615384615,0.30274483954289727,0.002098901098901087,120.95692307692308,1.9284724310083,0.06687912087912094,-0.4253148093475206
2026-10-05 10:47:25+00:00,esp8266-01,23.94,54.8,117.67,False,normal,24.03076923076923,0.11200697357822947,-0.0037582417582417756,55.026153846153846,0.30274483954289516,0.002098901098901056,120.72307692307693,2.1191267599771764,0.04330769230769233,-0.2897066973548035
2026-10-05 10:47:30+00:00,esp8266-01,24.02,55.41,120.99,False,normal,24.024615384615387,0.11021764375116518,-0.0032967032967033045,55.060769230769225,0.31851727494423576,0.0041208791208790585,120.7923076923077,2.112002891337284,0.04019780219780221,-0.28003943177076784
2026-10-05 10:47:35+00:00,esp8266-01,23.91,54.41,118.97,False,normal,24.00923076923077,0.11117979468202027,-0.0033956043956044034,54.98615384615384,0.3473091830618395,0.0022857142857142213,120.80076923076922,2.104451185677326,0.013318681318681323,-0.15514394181154517
2026-10-05 10:47:40+00:00,esp8266-01,23.95,54.45,122.49,False,normal,23.998461538461534,0.10960391302983682,-0.0031648351648351754,54.95230769230769,0.3753389001167555,-0.0019890109890110226,120.95692307692306,2.1482314178997024,0.02183516483516476,-0.17072100790077746
2026-10-05 10:47:45+00:00,esp8266-01,23.98,54.61,120.86,False,normal,23.976923076923075,0.07945822466822193,-0.001274725274725267,54.973846153846154,0.34588878740784024,-0.009032967032967078,121.12538461538462,2.04571076752751,0.003604395604395543,0.05892459058147179
2026-10-05 10:47:50+00:00,esp8266-01,24.11,54.22,118.01,False,normal,23.98846153846154,0.08672202753131979,-0.0005274725274725124,54.893076923076926,0.38740526614478377,-0.01172527472527475,120.86999999999999,2.2052385184093377,-0.015362637362637398,-0.09987306420775267
2026-10-05 10:47:55+00:00,esp8266-01,24.1,54.98,123.43,False,normal,23.987692307692306,0.08567863445654476,0.0011428571428571692,54.87538461538462,0.3776570561647555,-0.008714285714285746,121.31076923076924,2.0976010529922253,-0.02286813186813184,0.18273041899257916
2026-10-05 10:48:00+00:00,esp8266-01,24.04,54.77,122.74,False,normal,23.986153846153847,0.08453842654143352,0.002043956043956059,54.856923076923074,0.3764895465989027,-0.008373626373626387,121.39846153846155,2.131416452660966,-0.011219780219780276,0.20599290491513922
2026-10-05 10:48:05+00:00,esp8266-01,24.02,53.92,120.05,False,normal,23.99307692307692,0.08333293885491441,0.0018351648351648488,54.78615384615385,0.4519281505443722,-0.01468131868131865,121.29230769230769,2.1613569592560924,-0.0198681318681319,0.1914223998252538
2026-10-05 10:48:10+00:00,esp8266-01,23.83,54.72,117.31,False,normal,23.975384615384613,0.09128277153257411,0.001274725274725271,54.78846153846154,0.4515076650486147,-0.015857142857142844,120.88153846153847,2.3623809572085404,-0.03568131868131865,0.3254257465298885
2026-10-05 10:48:15+00:00,esp8266-01,24.23,54.8,119.59,False,normal,23.996923076923075,0.11316323236694828,0.002758241758241756,54.74615384615384,0.42169143771135525,-0.011461538461538445,120.71538461538461,2.371398858137953,-0.037516483516483456,0.18689795114533442
2026-10-05 10:48:20+00:00,esp8266-01,23.98,54.57,119.92,False,normal,24.01153846153846,0.09654382455209651,0.001054945054945052,54.69384615384615,0.3974251446022808,-0.008747252747252717,120.59461538461538,2.368851118432955,-0.03680219780219777,0.2854647714303016
2026-10-05 10:48:25+00:00,esp8266-01,24.01,54.71,118.35,False,normal,24.00923076923077,0.09619383783717095,0.001263736263736266,54.643846153846155,0.3483265148488645,-0.0035164835164834727,120.02923076923078,1.9168622659817893,-0.012329670329670313,0.2878059644405137
2026-10-05 10:48:30+00:00,esp8266-01,24.17,54.81,122.06,False,normal,24.02692307692308,0.10276070899709584,0.0017912087912088136,54.644615384615385,0.3486813706306416,-0.0012197802197801723,120.36692307692307,1.8572576334905844,-0.01708791208791204,0.3125145737482064
2026-10-05 10:48:35+00:00,esp8266-01,24.05,54.31,120.05,False,normal,24.02923076923077,0.10291606277111459,0.0018901098901099123,54.559999999999995,0.27922970968225624,0.002461538461538503,120.29461538461538,1.8498757354713515,-0.014384615384615388,0.31295235957879386
2026-10-05 10:48:40+00:00,esp8266-01,23.94,55.05,120.82,False,normal,24.031538461538464,0.10052524779260127,0.0003846153846154135,54.60923076923078,0.30378285611378375,0.004538461538461534,120.43692307692308,1.813298671208138,-0.021109890109890162,0.23862460501186467
2026-10-05 10:48:45+00:00,esp8266-01,23.9,54.84,120.84,False,normal,24.02769230769231,0.10445122867431514,-0.0011098901098901,54.639230769230764,0.30582703856069315,0.0048351648351648725,120.31000000000002,1.7205231762459012,-0.0026593406593407236,0.2882837532236491
2026-10-05 10:48:50+00:00,esp8266-01,23.79,55.47,124.35,False,normal,24.013076923076923,0.12193217631649324,-0.0030439560439560398,54.70538461538461,0.37706590700415654,0.01008791208791211,120.57846153846154,2.0298686814433604,0.028208791208791103,-0.06512295972522499
2026-10-05 10:48:55+00:00,esp8266-01,24.25,54.69,122.72,False,normal,24.023846153846154,0.1354501589593241,-0.0007362637362637381,54.74153846153846,0.3503810267485143,0.0062527472527472506,120.94076923076923,1.9581681452843576,0.0225714285714285,0.1438675020668907
2026-10-05 10:49:00+00:00,esp8266-01,23.93,54.93,117.35,False,normal,24.010769230769235,0.13567277026614546,-0.0007692307692307646,54.73769230769231,0.34800870559745356,0.009329670329670301,120.47307692307692,2.0324535555875767,0.018043956043956,0.1573253602751888
2026-10-05 10:49:05+00:00,esp8266-01,24.13,54.62,124.33,False,normal,24.017692307692307,0.13923714392537606,0.0002417582417582327,54.72615384615384,0.349230769230793,0.008802197802197776,120.5953846153846,2.2056522335008317,0.06091208791208783,0.23709006579841568
2026-10-05 10:49:10+00:00,esp8266-01,24.17,54.34,119.96,False,normal,24.029230769230768,0.14504437190895036,0.0012637362637362621,54.75846153846154,0.2870498791780165,5.494505494506744e-05,120.58846153846153,2.2074936924861515,0.05252747252747242,0.204709981340364
2026-10-05 10:49:15+00:00,esp8266-01,24.01,54.87,121.92,False,normal,24.043076923076924,0.1334964485487399,-0.0003956043956044028,54.769999999999996,0.28828404795914797,0.000494505494505482,120.94307692307692,2.01416669012785,0.03608791208791203,0.03131944870646788
2026-10-05 10:49:20+00:00,esp8266-01,23.79,54.44,120.84,False,normal,24.00923076923077,0.1375310615802201,-0.0006263736263736424,54.74230769230769,0.30107892770846145,-0.0014505494505494976,121.03923076923077,1.9767668301018688,0.025000000000000015,0.12189007583240871
2026-10-05 10:49:25+00:00,esp8266-01,24.2,54.55,118.79,False,normal,24.026153846153843,0.14615789468068782,0.00040659340659338425,54.74076923076923,0.30200513338639423,-0.004043956043956106,120.9523076923077,2.0476446275438835,0.001560439560439656,-0.0030546743216575225
2026-10-05 10:49:30+00:00,esp8266-01,24.02,54.65,118.8,False,normal,24.02692307692308,0.14609715499694442,0.0002417582417582249,54.73615384615385,0.30289725248365595,-0.004879120879120939,120.98692307692309,2.006755454862543,-0.032648351648351594,-0.010763379873445703
2026-10-05 10:49:35+00:00,esp8266-01,24.02,55.05,124.18,False,normal,24.015384615384615,0.1401436287755004,0.0012967032967032886,54.75461538461538,0.31394794729299685,-0.0022417582417582956,121.14999999999999,2.1670682073677088,-0.003340659340659207,-0.04868151571847808
2026-10-05 10:49:40+00:00,esp8266-01,24.13,54.91,121.65,False,normal,24.02153846153846,0.14325051503972727,0.0023186813186813105,54.80076923076923,0.2882429941363049,-0.004637362637362683,121.27307692307691,2.146436705925349,-0.008505494505494343,-0.02668395580056091
2026-10-05 10:49:45+00:00,esp8266-01,24.03,54.49,121.14,False,normal,24.02846153846154,0.14130415388551715,0.0017472527472527587,54.7576923076923,0.28961921542060687,-0.004769230769230804,121.29769230769232,2.142931686502637,-0.012868131868131752,-0.03732945209589844
2026-10-05 10:49:50+00:00,esp8266-01,23.92,54.71,118.23,False,normal,24.029999999999998,0.1399999999999165,4.395604395605863e-05,54.74769230769231,0.2888479463224434,-0.00445054945054944,121.09692307692308,2.293389780737197,-0.03661538461538446,0.031384992897434634
2026-10-05 10:49:55+00:00,esp8266-01,24.0,54.32,124.2,False,normal,24.046153846153842,0.12238265723899824,-0.0019999999999999927,54.659230769230774,0.22258832433483425,-0.0017142857142856934,121.08538461538461,2.2773149350954403,0.008868131868132002,0.2266175041702185
